1.096387207508087158e-02,1.091212686151266098e-02,1.116622798144817352e-02,1.107982546091079712e-02,2.690524328500032425e-03,-1.221264153718948364e-02,-2.407180145382881165e-02,-3.591635078191757202e-02,-3.832440078258514404e-02,-3.601770102977752686e-02,-2.452716976404190063e-02,-1.342490687966346741e-02,-1.841402612626552582e-02,-2.854997105896472931e-02,-3.315772488713264465e-02,-4.083074629306793213e-02,-5.441844835877418518e-02,-5.375303328037261963e-02,-3.215460479259490967e-02,-9.038494899868965149e-03,2.541180583648383617e-04,-1.014179899357259274e-03,-5.334538407623767853e-03,1.548275118693709373e-03,6.121992599219083786e-03,1.063867006450891495e-02,1.207050960510969162e-02,1.140372734516859055e-02,0.000000000000000000e+00,0.000000000000000000e+00,0.000000000000000000e+00,0.000000000000000000e+00
2.459963783621788025e-02,2.535589039325714111e-02,2.686326764523983002e-02,2.829572185873985291e-02,2.319143526256084442e-02,1.319262105971574783e-02,6.289805751293897629e-03,1.176331192255020142e-02,9.567021392285823822e-03,1.806715736165642738e-03,2.020696876570582390e-03,-2.806858392432332039e-03,-2.368977665901184082e-02,-3.629760816693305969e-02,-5.322234705090522766e-02,-5.547169968485832214e-02,-4.569401592016220093e-02,-3.586469963192939758e-02,-2.718664333224296570e-02,-1.094425190240144730e-02,3.082578768953680992e-03,4.078763071447610855e-03,8.235473651438951492e-04,1.254466827958822250e-02,1.940524764358997345e-02,2.106223255395889282e-02,2.507902495563030243e-02,2.439042553305625916e-02,0.000000000000000000e+00,0.000000000000000000e+00,0.000000000000000000e+00,0.000000000000000000e+00
1.023050677031278610e-02,1.282182242721319199e-02,1.302737649530172348e-02,1.328569930046796799e-02,1.653474941849708557e-02,9.462106972932815552e-03,3.320878837257623672e-03,-7.321529556065797806e-03,-1.962363533675670624e-02,-2.583785168826580048e-02,-3.389561921358108521e-02,-3.086316399276256561e-02,-2.062531560659408569e-02,-9.024288505315780640e-03,-4.887306131422519684e-03,-1.398530043661594391e-02,-1.332961302250623703e-02,-9.230665862560272217e-03,9.836363606154918671e-04,1.049351319670677185e-02,1.734903082251548767e-02,2.166311629116535187e-02,2.023679763078689575e-02,1.216595899313688278e-02,8.794387802481651306e-03,7.854090072214603424e-03,1.041120104491710663e-02,1.026041526347398758e-02,0.000000000000000000e+00,0.000000000000000000e+00,0.000000000000000000e+00,0.000000000000000000e+00
1.590868830680847168e-02,1.464439462870359421e-02,1.503898296505212784e-02,1.552013121545314789e-02,2.045828104019165039e-02,1.216271519660949707e-02,7.233715732581913471e-04,-2.149712294340133667e-02,-4.674609005451202393e-02,-5.547883734107017517e-02,-9.142521768808364868e-02,-1.141175851225852966e-01,-8.471485972404479980e-02,-2.068726345896720886e-02,5.270377546548843384e-02,1.100947260856628418e-01,1.023143976926803589e-01,4.977090656757354736e-02,2.485738508403301239e-02,2.537751942873001099e-02,3.163857385516166687e-02,1.447095535695552826e-02,5.300854332745075226e-03,1.530439779162406921e-02,1.046671252697706223e-02,1.299884729087352753e-02,1.554014533758163452e-02,1.598319411277770996e-02,0.000000000000000000e+00,0.000000000000000000e+00,0.000000000000000000e+00,0.000000000000000000e+00
9.655200876295566559e-03,9.704873897135257721e-03,9.766654111444950104e-03,8.486802689731121063e-03,8.357327431440353394e-03,2.548600605223327875e-04,3.610797924920916557e-03,-6.228988524526357651e-03,-1.750967837870121002e-02,-1.036069914698600769e-02,-7.176058134064078331e-04,-2.594958292320370674e-03,-1.161649730056524277e-02,-1.930936612188816071e-02,-2.204411290585994720e-02,-1.309453044086694717e-02,-6.028113886713981628e-03,6.399752572178840637e-03,5.570566747337579727e-03,-7.076424080878496170e-04,-1.198546262457966805e-03,6.925698369741439819e-03,6.693269591778516769e-03,4.247730132192373276e-03,1.696459017693996429e-03,1.000503078103065491e-02,1.320032961666584015e-02,1.018514204770326614e-02,0.000000000000000000e+00,0.000000000000000000e+00,0.000000000000000000e+00,0.000000000000000000e+00
1.802734332159161568e-03,1.769789727404713631e-03,4.027244169265031815e-03,8.806632831692695618e-03,7.734201382845640182e-03,-4.002158064395189285e-03,-1.718516834080219269e-02,-1.387239061295986176e-02,-2.210160717368125916e-02,-2.900025434792041779e-02,-4.627549648284912109e-02,-5.738198757171630859e-02,-5.710699409246444702e-02,-5.325596407055854797e-02,-5.373312532901763916e-02,-5.401340126991271973e-02,-5.856940522789955139e-02,-4.996540397405624390e-02,-3.601943701505661011e-02,-2.519017644226551056e-02,-1.092021819204092026e-02,-8.409986272454261780e-03,-8.822057396173477173e-03,-5.561201367527246475e-03,2.294018398970365524e-03,-6.149918044684454799e-05,7.045501843094825745e-04,1.643107505515217781e-03,0.000000000000000000e+00,0.000000000000000000e+00,0.000000000000000000e+00,0.000000000000000000e+00
-3.434052318334579468e-02,-3.801421076059341431e-02,-4.108741134405136108e-02,-4.592489078640937805e-02,-8.941461890935897827e-02,-8.105455338954925537e-02,2.019857987761497498e-03,1.164265442639589310e-02,1.106951478868722916e-02,8.611349388957023621e-03,-6.437215954065322876e-03,-2.400974743068218231e-02,-3.936100378632545471e-02,1.763226464390754700e-02,4.217106476426124573e-02,5.111059546470642090e-02,1.325712352991104126e-01,1.582480221986770630e-01,1.081167683005332947e-01,8.231035619974136353e-02,9.226986020803451538e-02,8.111818879842758179e-02,9.142424166202545166e-02,1.317852884531021118e-01,1.045097261667251587e-01,2.428374951705336571e-03,-3.733768314123153687e-02,-3.638558834791183472e-02,0.000000000000000000e+00,0.000000000000000000e+00,0.000000000000000000e+00,0.000000000000000000e+00
7.428606506437063217e-03,6.075069308280944824e-03,6.312895566225051880e-03,3.465824294835329056e-03,-1.506506744772195816e-02,-2.980544790625572205e-02,-3.792145103216171265e-02,-3.404700383543968201e-02,-2.960728108882904053e-02,-4.022255167365074158e-02,-4.187203943729400635e-02,-1.674687862396240234e-02,4.619536048267036676e-04,2.299440093338489532e-03,-8.937063626945018768e-03,-3.509625047445297241e-02,-3.568456694483757019e-02,2.126459032297134399e-03,2.341857552528381348e-02,3.218291327357292175e-02,1.637462712824344635e-02,4.766129888594150543e-03,6.476111710071563721e-03,1.401528064161539078e-02,2.182620391249656677e-02,1.391501817852258682e-02,9.626159444451332092e-03,7.082329597324132919e-03,0.000000000000000000e+00,0.000000000000000000e+00,0.000000000000000000e+00,0.000000000000000000e+00
2.709461562335491180e-02,2.983622252941131592e-02,2.865684777498245239e-02,2.780523523688316345e-02,3.643930330872535706e-02,2.216016501188278198e-02,3.219832479953765869e-02,4.665333405137062073e-02,4.565854370594024658e-02,4.682931303977966309e-02,2.962362393736839294e-02,-5.776642821729183197e-03,-3.450408205389976501e-02,-6.118004396557807922e-02,-8.234343677759170532e-02,-9.673833101987838745e-02,-7.549841701984405518e-02,-2.353919669985771179e-02,1.906999945640563965e-02,3.859901055693626404e-02,3.260666877031326294e-02,2.805962972342967987e-02,1.156383007764816284e-02,-4.450060892850160599e-03,1.418825006112456322e-03,2.175957150757312775e-02,2.572701312601566315e-02,2.619964070618152618e-02,0.000000000000000000e+00,0.000000000000000000e+00,0.000000000000000000e+00,0.000000000000000000e+00
7.609799504280090332e-03,7.756642065942287445e-03,7.687623612582683563e-03,4.620192106813192368e-03,-1.469971425831317902e-02,-1.730859652161598206e-02,-2.195930480957031250e-02,-2.653930149972438812e-02,-1.595178619027137756e-02,-8.554517291486263275e-03,1.244499254971742630e-02,8.603526279330253601e-03,-1.001634914427995682e-02,-3.307526931166648865e-02,-4.655323550105094910e-02,-2.399730496108531952e-02,-3.615631954744458199e-03,-5.789763759821653366e-03,-1.978049054741859436e-03,-4.033144097775220871e-03,-8.708560839295387268e-03,-6.960269995033740997e-03,-1.012081932276487350e-02,-7.572997827082872391e-03,1.664162613451480865e-03,9.063716977834701538e-03,9.098376147449016571e-03,8.074396289885044098e-03,0.000000000000000000e+00,0.000000000000000000e+00,0.000000000000000000e+00,0.000000000000000000e+00
1.240584440529346466e-02,1.631656847894191742e-02,1.729912497103214264e-02,2.203823253512382507e-02,2.616445161402225494e-02,1.569185033440589905e-02,1.823857799172401428e-02,2.144634909927845001e-02,2.588323317468166351e-02,3.597408160567283630e-02,3.872515261173248291e-02,1.557842083275318146e-02,-2.081655710935592651e-02,-4.099020361900329590e-02,-3.901828080415725708e-02,-1.513229403644800186e-02,8.147595450282096863e-03,3.384969895705580711e-03,9.986583143472671509e-03,2.230770140886306763e-02,2.947766333818435669e-02,3.678951784968376160e-02,3.195578977465629578e-02,1.650746911764144897e-02,1.474834326654672623e-02,1.428122073411941528e-02,1.463598571717739105e-02,1.277290191501379013e-02,0.000000000000000000e+00,0.000000000000000000e+00,0.000000000000000000e+00,0.000000000000000000e+00
1.941427774727344513e-02,1.951768808066844940e-02,1.916514337062835693e-02,1.943506300449371338e-02,2.117458917200565338e-02,1.783505268394947052e-02,1.526966784149408340e-02,1.889913715422153473e-02,1.703659258782863617e-02,1.308530475944280624e-02,5.920297466218471527e-03,-2.017246559262275696e-02,-3.051591850817203522e-02,-3.195127844810485840e-02,-2.666730247437953949e-02,-2.886882796883583069e-02,-2.880474366247653961e-02,-2.670628949999809265e-02,-9.337755851447582245e-03,9.714733809232711792e-03,2.400738932192325592e-02,2.526116743683815002e-02,1.504793763160705566e-02,1.479119807481765747e-02,1.609154045581817627e-02,1.871593296527862549e-02,1.931860484182834625e-02,1.885293237864971161e-02,0.000000000000000000e+00,0.000000000000000000e+00,0.000000000000000000e+00,0.000000000000000000e+00
3.280557692050933838e-02,3.292393311858177185e-02,3.539772331714630127e-02,3.414326533675193787e-02,3.290367498993873596e-02,1.831855066120624542e-02,5.191231612116098404e-03,7.029025815427303314e-03,6.727009546011686325e-03,-4.990489222109317780e-03,-1.472981460392475128e-02,-2.490031346678733826e-02,-3.449000045657157898e-02,-3.928230702877044678e-02,-5.487870424985885620e-02,-6.496773660182952881e-02,-6.048567965626716614e-02,-5.962029844522476196e-02,-3.771309554576873779e-02,-2.837838046252727509e-02,-1.421207655221223831e-02,8.018898370210081339e-05,-6.119932513684034348e-03,8.064920082688331604e-03,1.650259830057621002e-02,2.549168094992637634e-02,2.907335385680198669e-02,3.289084881544113159e-02,0.000000000000000000e+00,0.000000000000000000e+00,0.000000000000000000e+00,0.000000000000000000e+00
1.924711279571056366e-02,1.978341490030288696e-02,1.976436749100685120e-02,1.995479688048362732e-02,1.875475049018859863e-02,1.859032176434993744e-02,1.849049516022205353e-02,1.079160347580909729e-02,-1.704823574982583523e-03,-1.444991491734981537e-02,-2.318324521183967590e-02,-2.007008902728557587e-02,-1.179441623389720917e-02,-7.205581292510032654e-03,-1.561085321009159088e-02,-2.196744643151760101e-02,-3.158895671367645264e-02,-2.870613709092140198e-02,-1.247628964483737946e-02,-3.119604662060737610e-03,2.192934480262920260e-04,4.124866798520088196e-03,7.081586401909589767e-03,9.191107004880905151e-03,1.398198865354061127e-02,1.723422855138778687e-02,1.954802125692367554e-02,1.928186975419521332e-02,0.000000000000000000e+00,0.000000000000000000e+00,0.000000000000000000e+00,0.000000000000000000e+00
9.879176504909992218e-03,9.793255478143692017e-03,9.643819183111190796e-03,8.268404752016067505e-03,6.529579870402812958e-03,3.130204044282436371e-03,-6.322879809886217117e-03,-1.397398859262466431e-02,-2.119543403387069702e-02,-1.814995706081390381e-02,-2.048129402101039886e-02,-1.842831820249557495e-02,-7.400859612971544266e-03,5.103471223264932632e-03,6.002294365316629410e-03,-1.023140177130699158e-02,-2.187220007181167603e-02,-4.016889259219169617e-03,5.419763270765542984e-03,2.025160938501358032e-02,2.510557696223258972e-02,2.008744888007640839e-02,1.882269605994224548e-02,1.916928775608539581e-02,1.807669550180435181e-02,1.284264121204614639e-02,1.057334151118993759e-02,9.851726703345775604e-03,0.000000000000000000e+00,0.000000000000000000e+00,0.000000000000000000e+00,0.000000000000000000e+00
7.906093262135982513e-03,8.855500258505344391e-03,9.030555374920368195e-03,8.372472599148750305e-03,5.969446152448654175e-03,2.100830432027578354e-03,1.358023961074650288e-03,-3.225184336770325899e-04,-7.608273066580295563e-03,-1.597231067717075348e-02,-2.246523275971412659e-02,-1.942667365074157715e-02,-1.467725262045860291e-02,-5.547349341213703156e-03,-2.296516671776771545e-03,-8.775049820542335510e-03,-7.540448568761348724e-03,-2.061674138531088829e-03,6.179276388138532639e-04,3.952740225940942764e-03,7.952655665576457977e-03,1.068881619721651077e-02,1.211775746196508408e-02,9.733481332659721375e-03,8.816322311758995056e-03,7.834812626242637634e-03,8.076724596321582794e-03,7.930116727948188782e-03,0.000000000000000000e+00,0.000000000000000000e+00,0.000000000000000000e+00,0.000000000000000000e+00
1.655498147010803223e-02,2.038636058568954468e-02,2.078947424888610840e-02,1.912936009466648102e-02,2.962996438145637512e-02,3.460383042693138123e-02,3.859691694378852844e-02,3.929926455020904541e-02,2.898575738072395325e-02,1.939351670444011688e-02,-1.197724603116512299e-02,-4.186756536364555359e-02,-5.653543025255203247e-02,-4.478044807910919189e-02,-1.844529993832111359e-02,-2.545427903532981873e-02,-2.449102886021137238e-02,-2.248817123472690582e-02,-8.789473213255405426e-03,-9.597946889698505402e-03,-2.159798517823219299e-03,-5.306003615260124207e-03,4.976946511305868626e-04,2.610997471492737532e-04,-1.642611023271456361e-04,6.546366028487682343e-03,1.177306286990642548e-02,1.619084179401397705e-02,0.000000000000000000e+00,0.000000000000000000e+00,0.000000000000000000e+00,0.000000000000000000e+00
-7.950650528073310852e-03,-8.708538487553596497e-03,-8.343873545527458191e-03,-1.356758736073970795e-02,-1.482175104320049286e-02,-3.473302349448204041e-02,-5.288912355899810791e-02,-3.725320473313331604e-02,-2.027652598917484283e-02,1.359428465366363525e-02,1.718264445662498474e-02,1.390149444341659546e-02,4.787697643041610718e-02,8.025176078081130981e-02,5.969045311212539673e-02,1.409498788416385651e-02,-8.371831476688385010e-02,-1.747111231088638306e-01,-2.007803916931152344e-01,-1.530441045761108398e-01,-1.196600198745727539e-01,-1.217377930879592896e-01,-9.846196323633193970e-02,-5.698381736874580383e-02,-3.267581388354301453e-02,-1.649457029998302460e-02,-8.930502459406852722e-03,-7.675860077142715454e-03,0.000000000000000000e+00,0.000000000000000000e+00,0.000000000000000000e+00,0.000000000000000000e+00
1.566455885767936707e-02,1.580354943871498108e-02,1.657393388450145721e-02,1.710334978997707367e-02,1.157186087220907211e-02,5.893214605748653412e-03,2.201946517743635923e-05,9.608739987015724182e-03,7.512210868299007416e-03,-2.135806949809193611e-03,-1.472265925258398056e-02,-3.230341896414756775e-02,-4.309688508510589600e-02,-5.115491151809692383e-02,-4.206467792391777039e-02,-5.056542158126831055e-02,-6.460268795490264893e-02,-5.955778434872627258e-02,-1.997642964124679565e-02,8.058885578066110611e-04,1.570802368223667145e-02,1.629571430385112762e-02,1.224889047443866730e-02,9.993476793169975281e-03,1.058119535446166992e-02,1.104078162461519241e-02,1.342463213950395584e-02,1.547040231525897980e-02,0.000000000000000000e+00,0.000000000000000000e+00,0.000000000000000000e+00,0.000000000000000000e+00
-1.869671628810465336e-03,-1.545033184811472893e-03,-3.839991288259625435e-03,-2.628296148031949997e-03,1.433943677693605423e-02,4.320984706282615662e-02,5.917084589600563049e-02,7.985999435186386108e-02,3.860635682940483093e-02,1.587848551571369171e-02,-1.056703832000494003e-02,-6.654653698205947876e-03,4.002264235168695450e-03,-8.400217629969120026e-03,-8.067244291305541992e-02,-2.049706727266311646e-01,-2.168876528739929199e-01,-5.506164208054542542e-02,6.114838272333145142e-02,3.896791487932205200e-02,1.090053701773285866e-03,3.779947583097964525e-04,7.207808084785938263e-03,-1.638801768422126770e-02,-2.193877100944519043e-02,-1.699154824018478394e-02,-1.088675949722528458e-02,-5.397609900683164597e-03,0.000000000000000000e+00,0.000000000000000000e+00,0.000000000000000000e+00,0.000000000000000000e+00
5.056003108620643616e-03,4.997167736291885376e-03,4.238201770931482315e-03,2.347025088965892792e-03,-3.564165439456701279e-03,-1.171887107193470001e-02,-2.681481093168258667e-02,-3.559466451406478882e-02,-4.480543732643127441e-02,-4.599237069487571716e-02,-6.949784234166145325e-03,4.295408725738525391e-02,4.675370827317237854e-02,1.405129488557577133e-02,-2.920382469892501831e-02,-4.695215448737144470e-02,-3.933420777320861816e-02,-1.090982090681791306e-02,1.524516264908015728e-03,1.958398148417472839e-02,2.189712226390838623e-02,6.942169740796089172e-03,-7.044398225843906403e-03,-8.290257304906845093e-03,1.448707189410924911e-03,2.338117454200983047e-03,5.172269884496927261e-03,4.954372998327016830e-03,0.000000000000000000e+00,0.000000000000000000e+00,0.000000000000000000e+00,0.000000000000000000e+00
5.133675877004861832e-03,6.365372333675622940e-03,7.859440520405769348e-03,2.346063777804374695e-02,3.186251223087310791e-02,4.675916954874992371e-02,7.236994802951812744e-02,9.498761594295501709e-02,1.019690185785293579e-01,1.167980730533599854e-01,1.197319701313972473e-01,7.182948291301727295e-02,-4.209972172975540161e-02,-1.271576583385467529e-01,-1.180175989866256714e-01,-4.881595447659492493e-02,-4.104533232748508453e-03,-1.610250212252140045e-02,-2.812457457184791565e-02,-1.826200820505619049e-02,1.236676424741744995e-02,3.447996079921722412e-02,2.722502127289772034e-02,1.713046245276927948e-02,5.274784285575151443e-03,1.453018863685429096e-03,4.261436872184276581e-03,5.130672827363014221e-03,0.000000000000000000e+00,0.000000000000000000e+00,0.000000000000000000e+00,0.000000000000000000e+00
1.721686683595180511e-02,1.760962978005409241e-02,1.839546486735343933e-02,1.990177854895591736e-02,2.859122119843959808e-02,1.727513596415519714e-02,1.022719033062458038e-02,-3.093237290158867836e-03,8.775450289249420166e-03,2.186940237879753113e-02,-1.219895295798778534e-02,-6.739886850118637085e-02,-1.295603662729263306e-01,-1.037725880742073059e-01,-2.575213089585304260e-02,4.633311554789543152e-02,8.274027705192565918e-02,1.215588524937629700e-01,1.307323724031448364e-01,9.120044112205505371e-02,5.846638232469558716e-02,7.334056776016950607e-03,-2.898194454610347748e-02,-2.670678496360778809e-02,-1.241766288876533508e-02,7.987803779542446136e-03,1.585826463997364044e-02,1.659135334193706512e-02,0.000000000000000000e+00,0.000000000000000000e+00,0.000000000000000000e+00,0.000000000000000000e+00
1.351166330277919769e-02,1.364459563046693802e-02,1.378090120851993561e-02,1.358417421579360962e-02,1.102084387093782425e-02,6.296771112829446793e-03,4.389510024338960648e-03,9.158159955404698849e-04,-5.790293682366609573e-03,-1.213278342038393021e-02,-1.694979891180992126e-02,-1.460791751742362976e-02,-1.088323909789323807e-02,-6.335287471301853657e-04,2.241388661786913872e-03,-7.514225319027900696e-03,-1.492018438875675201e-02,-7.244761567562818527e-03,3.135747683700174093e-04,6.657583639025688171e-03,9.018884040415287018e-03,1.094631012529134750e-02,1.273338031023740768e-02,1.312569808214902878e-02,1.376681309193372726e-02,1.426184177398681641e-02,1.416152063757181168e-02,1.356536708772182465e-02,0.000000000000000000e+00,0.000000000000000000e+00,0.000000000000000000e+00,0.000000000000000000e+00
5.290600471198558807e-03,5.221609957516193390e-03,5.048635881394147873e-03,1.893300679512321949e-03,-7.717980071902275085e-03,-1.347207743674516678e-02,-1.895021088421344757e-02,-3.141276910901069641e-02,-4.858282208442687988e-02,-6.247481703758239746e-02,-7.173292338848114014e-02,-5.417755618691444397e-02,-1.279276423156261444e-02,2.524970285594463348e-02,3.385050967335700989e-02,1.954266801476478577e-02,2.498970925807952881e-02,3.508213907480239868e-02,3.965850174427032471e-02,4.265367984771728516e-02,4.388713464140892029e-02,4.152451828122138977e-02,3.806092217564582825e-02,3.584367409348487854e-02,2.950285933911800385e-02,1.199915166944265366e-02,6.382628809660673141e-03,5.270546302199363708e-03,0.000000000000000000e+00,0.000000000000000000e+00,0.000000000000000000e+00,0.000000000000000000e+00
2.184242568910121918e-02,2.368888445198535919e-02,2.454165555536746979e-02,2.216404490172863007e-02,1.114984881132841110e-02,1.643631840124726295e-04,1.831107510952278972e-04,4.604147979989647865e-04,-9.623030200600624084e-03,-2.621956542134284973e-02,-2.807880006730556488e-02,-2.247106842696666718e-02,-2.419997751712799072e-02,-1.899151504039764404e-02,-1.731102168560028076e-02,-2.380611188709735870e-02,-2.114015445113182068e-02,-2.202341705560684204e-02,-1.997172087430953979e-02,-1.668427698314189911e-02,-1.584570296108722687e-02,-1.192175410687923431e-02,-1.030497159808874130e-02,-3.057136200368404388e-04,1.117280777543783188e-02,1.915314793586730957e-02,2.036384679377079010e-02,2.182967029511928558e-02,0.000000000000000000e+00,0.000000000000000000e+00,0.000000000000000000e+00,0.000000000000000000e+00
2.124596573412418365e-02,2.222139388322830200e-02,2.372257411479949951e-02,2.350951544940471649e-02,1.139112282544374466e-02,-1.975456543732434511e-04,-9.922618046402931213e-03,3.005086444318294525e-03,3.077206900343298912e-03,-5.155337508767843246e-03,-1.553206797689199448e-02,-1.742519810795783997e-02,-1.574449799954891205e-02,-1.101179793477058411e-02,-6.976030417717993259e-04,-2.221890352666378021e-02,-4.431447014212608337e-02,-4.548061639070510864e-02,-2.304423414170742035e-02,-1.521288650110363960e-03,4.141038749366998672e-03,2.354140160605311394e-03,6.056118872947990894e-04,5.618118681013584137e-03,1.231138035655021667e-02,1.601145043969154358e-02,1.888424716889858246e-02,2.104403264820575714e-02,0.000000000000000000e+00,0.000000000000000000e+00,0.000000000000000000e+00,0.000000000000000000e+00
2.655351348221302032e-02,3.078527189791202545e-02,3.119910322129726410e-02,2.836344763636589050e-02,3.305911645293235779e-02,2.403538674116134644e-02,2.169170230627059937e-02,1.532556395977735519e-02,4.026634618639945984e-03,-6.782944314181804657e-03,-1.752943731844425201e-02,-2.185830660164356232e-02,-2.277469262480735779e-02,-2.719165384769439697e-02,-3.722725436091423035e-02,-3.421603888273239136e-02,-1.774775981903076172e-02,-9.657249785959720612e-03,3.866757499054074287e-03,8.549899794161319733e-03,-1.157836377387866378e-04,-3.043039934709668159e-03,-7.257022429257631302e-03,-2.317243488505482674e-03,5.420333240181207657e-03,2.075070887804031372e-02,2.538562566041946411e-02,2.672870270907878876e-02,0.000000000000000000e+00,0.000000000000000000e+00,0.000000000000000000e+00,0.000000000000000000e+00
2.455525659024715424e-02,2.874755114316940308e-02,3.088287822902202606e-02,2.941324934363365173e-02,2.791947126388549805e-02,1.105211582034826279e-02,3.685213625431060791e-03,-2.529711229726672173e-03,-1.501851156353950500e-02,-2.732397057116031647e-02,-3.665501624345779419e-02,-3.981843963265419006e-02,-3.797680884599685669e-02,-2.681912295520305634e-02,-1.633162423968315125e-02,2.143304562196135521e-03,2.003302611410617828e-02,7.168996147811412811e-03,-5.499775055795907974e-03,-1.580931805074214935e-02,-2.099383622407913208e-02,-1.111086737364530563e-02,-8.205624297261238098e-03,-3.459448998910374939e-05,7.797869853675365448e-03,1.888340339064598083e-02,2.286475151777267456e-02,2.478981204330921173e-02,0.000000000000000000e+00,0.000000000000000000e+00,0.000000000000000000e+00,0.000000000000000000e+00
-5.413511767983436584e-03,-5.330795422196388245e-03,-5.986267235130071640e-03,-4.557030741125345230e-03,3.965987416449934244e-04,4.451720509678125381e-03,1.064338535070419312e-02,-3.374426625669002533e-03,-1.831898465752601624e-02,-1.273210998624563217e-02,-6.772903352975845337e-02,-1.431415826082229614e-01,-1.627156734466552734e-01,-1.234749555587768555e-01,-4.296121746301651001e-02,2.550235576927661896e-02,3.038220293819904327e-02,1.578110642731189728e-02,2.758075483143329620e-02,2.440787851810455322e-02,3.167028771713376045e-03,-2.207661233842372894e-02,-3.032565861940383911e-02,-1.988417655229568481e-02,-1.323963631875813007e-03,2.392062742728739977e-04,-4.708291497081518173e-03,-5.528909154236316681e-03,0.000000000000000000e+00,0.000000000000000000e+00,0.000000000000000000e+00,0.000000000000000000e+00
-2.011097595095634460e-02,-1.980758458375930786e-02,-1.978713087737560272e-02,-2.000633999705314636e-02,-3.418109938502311707e-02,-3.973769396543502808e-02,-4.429517686367034912e-02,-6.431598216295242310e-02,-8.938926458358764648e-02,-1.015124991536140442e-01,-1.308551430702209473e-01,-1.874236464500427246e-01,-2.034729719161987305e-01,-1.826782375574111938e-01,-1.406857818365097046e-01,-3.296661004424095154e-02,1.710653863847255707e-02,1.991580054163932800e-02,-1.072279270738363266e-02,-4.116149246692657471e-02,-5.147115886211395264e-02,-3.448855504393577576e-02,-3.924435377120971680e-02,-5.092652514576911926e-02,-2.595437504351139069e-02,-1.910266652703285217e-02,-2.032538875937461853e-02,-2.012910321354866028e-02,0.000000000000000000e+00,0.000000000000000000e+00,0.000000000000000000e+00,0.000000000000000000e+00
9.241218212991952896e-04,1.832828857004642487e-03,4.165099002420902252e-03,1.355702709406614304e-02,6.335232406854629517e-02,1.012122854590415955e-01,1.033793985843658447e-01,1.181141957640647888e-01,1.261930465698242188e-01,1.043532788753509521e-01,1.250418424606323242e-01,1.549474745988845825e-01,1.963719576597213745e-01,1.734848171472549438e-01,7.162112742662429810e-02,-7.832169532775878906e-03,6.683070678263902664e-03,2.471054717898368835e-02,4.143409803509712219e-02,4.510052129626274109e-02,2.215457893908023834e-02,1.488224696367979050e-02,-9.828113252297043800e-04,-2.514655515551567078e-02,-3.804698213934898376e-02,-1.509533636271953583e-02,-1.255474635399878025e-03,-1.495217147748917341e-04,0.000000000000000000e+00,0.000000000000000000e+00,0.000000000000000000e+00,0.000000000000000000e+00
9.660202078521251678e-03,9.854938834905624390e-03,1.058862917125225067e-02,9.454987011849880219e-03,7.880498655140399933e-03,6.268803030252456665e-03,-2.492011408321559429e-04,1.654566498473286629e-03,-6.622442044317722321e-03,-7.246944122016429901e-03,2.674737246707081795e-03,6.063097622245550156e-03,-1.285111904144287109e-02,-4.537074640393257141e-02,-5.086063966155052185e-02,-4.957273975014686584e-02,-5.887578055262565613e-02,-4.203018173575401306e-02,-9.755995124578475952e-03,1.025622058659791946e-02,8.485359139740467072e-03,6.885411217808723450e-03,2.617633435875177383e-03,-4.355287645012140274e-03,-2.922320039942860603e-03,5.615504458546638489e-03,9.300202131271362305e-03,9.905590675771236420e-03,0.000000000000000000e+00,0.000000000000000000e+00,0.000000000000000000e+00,0.000000000000000000e+00
-2.390836924314498901e-02,-2.448477968573570251e-02,-2.665643766522407532e-02,-1.875854469835758209e-02,1.890930160880088806e-02,6.888922303915023804e-02,1.270876228809356689e-01,1.581652164459228516e-01,1.891184598207473755e-01,1.873713284730911255e-01,1.796866804361343384e-01,1.715108752250671387e-01,1.561713516712188721e-01,1.342125982046127319e-01,1.630666404962539673e-01,1.062361076474189758e-01,4.344138503074645996e-02,1.534728799015283585e-02,1.176687330007553101e-02,2.121997997164726257e-02,2.677099779248237610e-02,3.001960460096597672e-03,-1.548366621136665344e-02,-3.696218505501747131e-02,-4.411721602082252502e-02,-2.845975756645202637e-02,-3.314636647701263428e-02,-2.405228652060031891e-02,0.000000000000000000e+00,0.000000000000000000e+00,0.000000000000000000e+00,0.000000000000000000e+00
-5.060269031673669815e-03,-4.222464747726917267e-03,-5.873562186025083065e-04,3.507911926135420799e-03,5.398346111178398132e-04,-2.034929208457469940e-02,-4.786885157227516174e-02,-6.239933148026466370e-02,-5.368054658174514771e-02,-5.895092710852622986e-02,-5.987273901700973511e-02,-1.003046631813049316e-01,-1.515517234802246094e-01,-1.520408242940902710e-01,-1.581343859434127808e-01,-1.624723523855209351e-01,-1.799597293138504028e-01,-1.817387640476226807e-01,-1.146930754184722900e-01,-5.863099545240402222e-02,-1.829636469483375549e-02,4.682902246713638306e-03,1.019012369215488434e-02,-6.128366570919752121e-03,-8.447447791695594788e-03,-1.238880562596023083e-03,-1.401238143444061279e-03,-5.911597982048988342e-03,0.000000000000000000e+00,0.000000000000000000e+00,0.000000000000000000e+00,0.000000000000000000e+00
1.135616004467010498e-02,1.146378926932811737e-02,1.234647911041975021e-02,1.113479491323232651e-02,1.245876122266054153e-02,1.459761708974838257e-02,1.339605636894702911e-02,2.078972943127155304e-02,2.127839997410774231e-02,3.233232721686363220e-02,3.328363224864006042e-02,2.486509457230567932e-02,2.233987115323543549e-02,1.911785453557968140e-02,4.202340543270111084e-02,5.441336333751678467e-02,5.587399005889892578e-02,5.398448929190635681e-02,5.345352739095687866e-02,5.651885271072387695e-02,4.837322235107421875e-02,3.106645494699478149e-02,2.691193670034408569e-02,2.788395993411540985e-02,1.855847053229808807e-02,7.944849319756031036e-03,1.046846527606248856e-02,1.085632760077714920e-02,0.000000000000000000e+00,0.000000000000000000e+00,0.000000000000000000e+00,0.000000000000000000e+00
2.642044611275196075e-02,2.640775218605995178e-02,2.665012143552303314e-02,2.462693676352500916e-02,2.232400327920913696e-02,4.929919261485338211e-03,6.184216588735580444e-03,2.985804341733455658e-02,5.059104412794113159e-02,4.789898172020912170e-02,5.196119099855422974e-02,4.361822828650474548e-02,2.824552543461322784e-02,-1.142748747952282429e-03,-2.976218797266483307e-02,-4.626352712512016296e-02,-4.354349896311759949e-02,-4.302217066287994385e-02,-1.596990972757339478e-02,-4.039241466671228409e-03,3.430317854508757591e-03,-1.650969265028834343e-03,-1.000034995377063751e-02,-1.039095409214496613e-02,-2.041971893049776554e-04,1.585857383906841278e-02,2.446093969047069550e-02,2.586518041789531708e-02,0.000000000000000000e+00,0.000000000000000000e+00,0.000000000000000000e+00,0.000000000000000000e+00
1.102041453123092651e-02,1.043470576405525208e-02,1.108042243868112564e-02,1.410209294408559799e-02,1.498012896627187729e-02,2.492862055078148842e-03,-4.446441307663917542e-03,1.404713257215917110e-04,2.134186681360006332e-03,-1.857702387496829033e-03,-5.309447180479764938e-03,-7.305640261620283127e-03,-4.453265108168125153e-03,-9.647223167121410370e-03,-2.510913088917732239e-02,-3.862613067030906677e-02,-4.134756699204444885e-02,-3.920749202370643616e-02,-2.052500844001770020e-02,2.039968501776456833e-03,1.760032027959823608e-02,1.480748597532510757e-02,9.316527284681797028e-03,1.734931580722332001e-02,1.859641447663307190e-02,1.327006053179502487e-02,1.199467852711677551e-02,1.060077920556068420e-02,0.000000000000000000e+00,0.000000000000000000e+00,0.000000000000000000e+00,0.000000000000000000e+00
1.517461799085140228e-02,1.570538431406021118e-02,1.509645022451877594e-02,1.135847251862287521e-02,-2.074793446809053421e-03,-7.077570538967847824e-03,-1.076040603220462799e-02,-4.346194677054882050e-03,1.102253608405590057e-02,2.180531062185764313e-02,3.155114874243736267e-02,1.510075386613607407e-02,-2.542741037905216217e-02,-5.544633418321609497e-02,-7.232796400785446167e-02,-5.723474547266960144e-02,-5.398037657141685486e-02,-5.680315941572189331e-02,-4.375478625297546387e-02,-3.819370642304420471e-02,-4.025146737694740295e-02,-3.691269457340240479e-02,-3.040837682783603668e-02,-1.996393129229545593e-02,-6.510383449494838715e-03,1.205462031066417694e-02,1.507087983191013336e-02,1.505498867481946945e-02,0.000000000000000000e+00,0.000000000000000000e+00,0.000000000000000000e+00,0.000000000000000000e+00
1.767340116202831268e-02,1.837901771068572998e-02,1.840288937091827393e-02,1.655833423137664795e-02,5.195161327719688416e-03,1.104753348045051098e-03,1.157503807917237282e-03,1.830166322179138660e-03,1.272917608730494976e-03,-8.242756128311157227e-03,-8.241252042353153229e-03,-1.717241667211055756e-02,-4.366211593151092529e-02,-5.580298975110054016e-02,-5.488129705190658569e-02,-4.618291929364204407e-02,-4.049246385693550110e-02,-3.797342628240585327e-02,-3.069518506526947021e-02,-3.432696312665939331e-02,-3.668544068932533264e-02,-3.128156438469886780e-02,-2.282254956662654877e-02,-9.828933514654636383e-03,3.324641613289713860e-03,1.528320834040641785e-02,1.707791350781917572e-02,1.755977608263492584e-02,0.000000000000000000e+00,0.000000000000000000e+00,0.000000000000000000e+00,0.000000000000000000e+00
2.216454967856407166e-02,2.222201600670814514e-02,2.271056547760963440e-02,2.210984565317630768e-02,1.375657692551612854e-02,1.877145026810467243e-03,-2.642845036461949348e-03,-1.361713837832212448e-02,-7.099092006683349609e-03,1.512004295364022255e-03,2.131059393286705017e-02,4.312661476433277130e-03,2.739599673077464104e-03,1.208228175528347492e-03,-2.845146693289279938e-03,1.505606994032859802e-02,3.230380266904830933e-02,1.926279067993164062e-02,3.921629395335912704e-03,-1.941415853798389435e-02,-1.915846392512321472e-02,-2.458879724144935608e-02,-3.415095806121826172e-02,-1.240136101841926575e-02,-2.100778801832348108e-04,1.462200656533241272e-02,1.967338100075721741e-02,2.204739302396774292e-02,0.000000000000000000e+00,0.000000000000000000e+00,0.000000000000000000e+00,0.000000000000000000e+00
-3.694352926686406136e-03,-4.472525790333747864e-03,-6.576689891517162323e-03,-1.510033570230007172e-02,-1.594226993620395660e-02,-1.164385024458169937e-02,5.094594787806272507e-03,2.987183863297104836e-03,-4.484326113015413284e-03,1.104540657252073288e-02,2.785187214612960815e-02,2.982114814221858978e-02,5.405925586819648743e-02,5.886897072196006775e-02,9.458892047405242920e-02,1.456778049468994141e-01,1.784909665584564209e-01,1.233677119016647339e-01,5.801702663302421570e-02,8.676811121404170990e-03,1.503826584666967392e-02,7.787982933223247528e-03,7.630403153598308563e-03,2.520213089883327484e-02,1.622302457690238953e-02,-1.123380148783326149e-03,-5.927148275077342987e-03,-3.683890216052532196e-03,0.000000000000000000e+00,0.000000000000000000e+00,0.000000000000000000e+00,0.000000000000000000e+00
-1.779000088572502136e-02,-1.677000708878040314e-02,-1.323736924678087234e-02,-3.362660529091954231e-03,-6.098297890275716782e-03,-2.100282162427902222e-02,-2.113419212400913239e-02,1.208310946822166443e-03,2.000172808766365051e-02,5.101301893591880798e-02,2.748443372547626495e-02,-3.200741484761238098e-02,-1.172473877668380737e-01,-2.189907133579254150e-01,-2.956180572509765625e-01,-2.227147221565246582e-01,-1.238055452704429626e-01,-8.567552268505096436e-02,-9.461250156164169312e-02,-9.379213303327560425e-02,-7.453135401010513306e-02,-3.058688901364803314e-02,-1.007342617958784103e-02,-2.208016067743301392e-02,-2.140596136450767517e-02,-2.186867035925388336e-02,-1.632301323115825653e-02,-1.940602064132690430e-02,0.000000000000000000e+00,0.000000000000000000e+00,0.000000000000000000e+00,0.000000000000000000e+00
4.848134703934192657e-03,5.893656052649021149e-03,3.508286317810416222e-03,-2.386406296864151955e-03,-1.222185790538787842e-02,-2.879831194877624512e-02,-4.331988841295242310e-02,-3.589311242103576660e-02,-2.322866767644882202e-02,-1.695923879742622375e-02,-2.878138981759548187e-02,1.665427349507808685e-02,8.743003755807876587e-02,1.716505885124206543e-01,2.140618860721588135e-01,1.206981167197227478e-01,1.230567041784524918e-02,-3.744145482778549194e-02,-8.020503073930740356e-02,-9.093888103961944580e-02,-9.482948482036590576e-02,-8.639456331729888916e-02,-6.405135989189147949e-02,-3.916677087545394897e-02,-1.387578528374433517e-02,2.528626471757888794e-03,4.803980235010385513e-03,4.824067000299692154e-03,0.000000000000000000e+00,0.000000000000000000e+00,0.000000000000000000e+00,0.000000000000000000e+00
2.036782447248697281e-03,1.718000508844852448e-03,1.052343286573886871e-03,9.319399483501911163e-03,9.942708536982536316e-03,6.089334841817617416e-03,8.149514906108379364e-03,3.975486755371093750e-02,6.175877153873443604e-02,6.756917387247085571e-02,1.043304577469825745e-01,1.285761594772338867e-01,1.143655329942703247e-01,9.527185559272766113e-02,5.065210163593292236e-02,-9.987520053982734680e-03,-7.166888564825057983e-02,-5.174290016293525696e-02,-3.289435803890228271e-02,4.354032687842845917e-03,-4.557389765977859497e-03,-4.376193042844533920e-03,-1.042909268289804459e-02,-4.238119814544916153e-03,-1.645317766815423965e-03,-3.646088764071464539e-03,4.900183193967677653e-05,2.269716933369636536e-03,0.000000000000000000e+00,0.000000000000000000e+00,0.000000000000000000e+00,0.000000000000000000e+00
1.044331677258014679e-02,1.031375490128993988e-02,1.080043148249387741e-02,8.207265287637710571e-03,4.396293312311172485e-03,5.198151338845491409e-03,9.460272267460823059e-03,-2.421880140900611877e-03,-2.599340118467807770e-02,-1.866469532251358032e-02,-2.776155620813369751e-02,-4.736226797103881836e-02,-5.592297390103340149e-02,-6.935953348875045776e-02,-7.290503382682800293e-02,-3.935831040143966675e-02,5.166927352547645569e-03,4.071862995624542236e-02,1.508729718625545502e-02,-1.499690022319555283e-02,-2.042163722217082977e-02,-1.254969369620084763e-02,-2.661301288753747940e-03,4.147853702306747437e-03,8.992318995296955109e-03,9.977377951145172119e-03,1.144364848732948303e-02,1.055086683481931686e-02,0.000000000000000000e+00,0.000000000000000000e+00,0.000000000000000000e+00,0.000000000000000000e+00
1.767212897539138794e-02,1.831869781017303467e-02,1.622079685330390930e-02,5.568665917962789536e-03,-4.621184431016445160e-03,3.320079063996672630e-03,1.489753834903240204e-02,2.505119331181049347e-02,3.769551590085029602e-02,4.538299143314361572e-02,3.621272370219230652e-02,-5.129985976964235306e-03,-3.035381436347961426e-02,-1.012956909835338593e-02,2.727776952087879181e-02,2.227078936994075775e-02,1.297930837608873844e-03,-9.686575271189212799e-03,2.523277699947357178e-02,3.993602469563484192e-02,4.517615959048271179e-02,1.068355422466993332e-02,2.535104984417557716e-03,-1.049130689352750778e-02,-1.282341545447707176e-03,1.273935474455356598e-02,1.768507435917854309e-02,1.799114234745502472e-02,0.000000000000000000e+00,0.000000000000000000e+00,0.000000000000000000e+00,0.000000000000000000e+00
2.538043446838855743e-02,2.791961096227169037e-02,2.886174991726875305e-02,2.718325518071651459e-02,1.707512699067592621e-02,-4.806522338185459375e-04,-8.252467960119247437e-03,-7.439082022756338120e-03,-1.726689748466014862e-02,-2.766876108944416046e-02,-2.603339590132236481e-02,-1.046387758105993271e-02,-8.582063856010790914e-06,1.458439044654369354e-02,1.693177595734596252e-02,1.484086737036705017e-03,2.219357702415436506e-04,-8.213820867240428925e-03,-1.815216615796089172e-02,-1.827260106801986694e-02,-1.480960752815008163e-02,-8.749477565288543701e-03,-7.912627421319484711e-03,2.448807237669825554e-03,1.058548968285322189e-02,1.999195851385593414e-02,2.326298691332340240e-02,2.545366995036602020e-02,0.000000000000000000e+00,0.000000000000000000e+00,0.000000000000000000e+00,0.000000000000000000e+00
-2.004273468628525734e-03,-7.522986852563917637e-04,1.897406997159123421e-03,1.299798022955656052e-02,1.757371611893177032e-02,2.889016643166542053e-02,4.436264559626579285e-02,7.719392329454421997e-02,1.223494261503219604e-01,1.417142748832702637e-01,1.100687384605407715e-01,5.416898056864738464e-02,5.968472105450928211e-04,-1.309944316744804382e-03,1.398013904690742493e-02,1.084368955343961716e-02,2.598839998245239258e-02,2.213325724005699158e-02,4.169733729213476181e-03,-5.428309086710214615e-03,-1.975405216217041016e-02,-2.572400495409965515e-02,-2.708651497960090637e-02,-7.849982008337974548e-03,9.157271051662974060e-06,2.698486205190420151e-03,6.480483571067452431e-04,-1.305301557295024395e-03,0.000000000000000000e+00,0.000000000000000000e+00,0.000000000000000000e+00,0.000000000000000000e+00
-2.572267688810825348e-02,-2.530134841799736023e-02,-2.572894841432571411e-02,-2.327174507081508636e-02,-2.440248243510723114e-02,-4.145928844809532166e-02,-5.096955224871635437e-02,-4.618119075894355774e-02,-5.170829594135284424e-02,-9.793246537446975708e-02,-1.343565434217453003e-01,-1.122146844863891602e-01,-7.592783123254776001e-02,-6.777457892894744873e-02,-9.934557229280471802e-02,-1.069637089967727661e-01,-1.198665648698806763e-01,-1.239062920212745667e-01,-1.218436360359191895e-01,-1.132933571934700012e-01,-7.724741846323013306e-02,-5.244002118706703186e-02,-6.003122031688690186e-02,-5.714905634522438049e-02,-4.105309396982192993e-02,-3.221638128161430359e-02,-2.710081264376640320e-02,-2.669660374522209167e-02,0.000000000000000000e+00,0.000000000000000000e+00,0.000000000000000000e+00,0.000000000000000000e+00
3.715149685740470886e-02,3.752776235342025757e-02,3.601044788956642151e-02,3.191046416759490967e-02,4.319514334201812744e-02,3.758085519075393677e-02,3.789048269391059875e-02,3.262229636311531067e-02,1.290122326463460922e-02,-1.693295873701572418e-02,-4.582288116216659546e-02,-5.171571299433708191e-02,-3.940338641405105591e-02,-1.558876875787973404e-02,-3.478271421045064926e-03,-1.512282341718673706e-02,-3.361953794956207275e-02,-2.517743781208992004e-02,-1.191338337957859039e-02,1.548165455460548401e-02,1.708083041012287140e-02,1.071330974809825420e-03,-2.279082313179969788e-03,9.695627726614475250e-03,1.664649881422519684e-02,3.153619170188903809e-02,3.624822571873664856e-02,3.659136220812797546e-02,0.000000000000000000e+00,0.000000000000000000e+00,0.000000000000000000e+00,0.000000000000000000e+00
1.489061769098043442e-02,1.618722639977931976e-02,1.899097114801406860e-02,2.351084724068641663e-02,4.139482043683528900e-03,-3.396673873066902161e-02,-5.712263286113739014e-02,-2.144664339721202850e-02,4.429085180163383484e-02,1.324374675750732422e-01,1.804782450199127197e-01,2.223532795906066895e-01,2.219895273447036743e-01,1.327132284641265869e-01,-8.306422270834445953e-03,-1.009127348661422729e-01,-6.362251937389373779e-02,-2.459979429841041565e-02,9.041243232786655426e-03,6.612054072320461273e-03,-1.609576679766178131e-02,-2.411135501461103559e-04,5.284216254949569702e-03,3.288765205070376396e-03,1.625065319240093231e-02,1.402215752750635147e-02,1.440684590488672256e-02,1.363263372331857681e-02,0.000000000000000000e+00,0.000000000000000000e+00,0.000000000000000000e+00,0.000000000000000000e+00
9.809120558202266693e-03,1.071365922689437866e-02,1.092723570764064789e-02,1.047206018120050430e-02,8.209564723074436188e-03,4.479491617530584335e-03,4.476855974644422531e-03,2.539430279284715652e-03,-5.767235998064279556e-03,-1.472907233983278275e-02,-2.141077257692813873e-02,-1.857467927038669586e-02,-1.397334225475788116e-02,-6.085847038775682449e-03,-6.423656363040208817e-03,-1.580257155001163483e-02,-1.799808815121650696e-02,-1.065865997225046158e-02,-2.843377413228154182e-03,3.393210936337709427e-03,6.598314270377159119e-03,9.447364136576652527e-03,1.017076056450605392e-02,8.253470994532108307e-03,8.764783851802349091e-03,9.489413350820541382e-03,9.989717975258827209e-03,9.851247072219848633e-03,0.000000000000000000e+00,0.000000000000000000e+00,0.000000000000000000e+00,0.000000000000000000e+00
-5.746760871261358261e-03,-8.323634974658489227e-03,-9.144441224634647369e-03,-1.360460929572582245e-02,-3.263378143310546875e-02,-3.641646727919578552e-02,-6.287429481744766235e-02,-9.850664436817169189e-02,-1.194749549031257629e-01,-9.794243425130844116e-02,-2.860764414072036743e-02,5.858729407191276550e-02,7.888296991586685181e-02,1.807809993624687195e-02,-3.745178924873471260e-03,4.813458770513534546e-02,9.130608290433883667e-02,1.197275891900062561e-01,6.525153666734695435e-02,3.835094859823584557e-03,-5.264867097139358521e-02,-5.409882962703704834e-02,-4.860240966081619263e-02,-3.986308351159095764e-02,-1.998052373528480530e-02,-7.624863646924495697e-03,-4.287555813789367676e-03,-3.922624047845602036e-03,0.000000000000000000e+00,0.000000000000000000e+00,0.000000000000000000e+00,0.000000000000000000e+00
1.678293570876121521e-03,3.004906466230750084e-04,1.996761711779981852e-04,1.309167244471609592e-03,-1.062736473977565765e-02,-2.339034341275691986e-02,-3.086602687835693359e-02,-3.163576126098632812e-02,-2.537302114069461823e-02,-3.973277658224105835e-02,-5.979328230023384094e-02,-5.734521895647048950e-02,-3.953629359602928162e-02,-2.443255297839641571e-02,-2.921440452337265015e-02,-4.419114068150520325e-02,-5.896408110857009888e-02,-5.620561167597770691e-02,-3.954906761646270752e-02,-9.049260057508945465e-03,-8.509640581905841827e-03,-2.069360576570034027e-02,-1.986610889434814453e-02,-6.044489331543445587e-03,9.917014278471469879e-03,5.901045631617307663e-03,2.399362623691558838e-03,2.606078749522566795e-03,0.000000000000000000e+00,0.000000000000000000e+00,0.000000000000000000e+00,0.000000000000000000e+00
-2.540730684995651245e-02,-2.578132972121238708e-02,-2.123499847948551178e-02,-1.162114087492227554e-02,-1.771399751305580139e-02,-2.881207503378391266e-02,-5.396597832441329956e-02,-4.335394129157066345e-02,-2.729642763733863831e-02,-1.807335391640663147e-02,-3.340254351496696472e-02,-6.811778992414474487e-02,-1.032863557338714600e-01,-1.690827310085296631e-01,-2.253917753696441650e-01,-2.339497655630111694e-01,-1.870048642158508301e-01,-1.212508529424667358e-01,-4.599134251475334167e-02,-4.795001819729804993e-03,4.091995209455490112e-02,3.307805582880973816e-02,5.208559334278106689e-03,-1.914341375231742859e-02,-2.098569646477699280e-02,-3.452134877443313599e-02,-2.827482856810092926e-02,-2.501392550766468048e-02,0.000000000000000000e+00,0.000000000000000000e+00,0.000000000000000000e+00,0.000000000000000000e+00
1.387492753565311432e-02,1.404299680143594742e-02,1.687241345643997192e-02,1.489803660660982132e-02,3.232977539300918579e-02,3.746315091848373413e-02,3.357803821563720703e-02,1.925917901098728180e-02,-3.332405583932995796e-03,-3.014284558594226837e-02,-5.392091721296310425e-02,-7.534345984458923340e-02,-9.221687167882919312e-02,-7.257421314716339111e-02,-4.751808196306228638e-02,-5.589271709322929382e-02,-4.800121858716011047e-02,-1.949134469032287598e-02,5.481495521962642670e-03,1.200349535793066025e-02,1.877787336707115173e-02,1.802162453532218933e-02,1.684047840535640717e-02,2.193223126232624054e-02,2.208245173096656799e-02,1.461611036211252213e-02,1.323187537491321564e-02,1.390954013913869858e-02,0.000000000000000000e+00,0.000000000000000000e+00,0.000000000000000000e+00,0.000000000000000000e+00
1.271674875169992447e-02,1.300270762294530869e-02,1.228332053869962692e-02,1.219314150512218475e-02,1.343944948166608810e-02,4.359743557870388031e-03,1.330401632003486156e-03,-4.563909955322742462e-03,-1.535350177437067032e-02,-1.617479138076305389e-02,-2.065882645547389984e-02,-1.846279203891754150e-02,5.180541775189340115e-04,1.291650626808404922e-02,2.156625501811504364e-02,1.967923715710639954e-02,2.022891677916049957e-02,8.756133727729320526e-03,1.236890675500035286e-03,-5.374746862798929214e-03,-4.053552984260022640e-04,1.494686352089047432e-03,8.905441500246524811e-03,1.622862741351127625e-02,1.563825458288192749e-02,1.231542229652404785e-02,1.210426911711692810e-02,1.208685152232646942e-02,0.000000000000000000e+00,0.000000000000000000e+00,0.000000000000000000e+00,0.000000000000000000e+00
2.361236885190010071e-02,2.484303712844848633e-02,2.690826542675495148e-02,2.831247448921203613e-02,2.061182074248790741e-02,9.991347789764404297e-03,-1.350614475086331367e-03,5.361266434192657471e-03,2.132272813469171524e-03,-5.832825321704149246e-03,-6.099969148635864258e-03,-8.363798260688781738e-03,-1.672888174653053284e-02,-1.367918215692043304e-02,-1.725116558372974396e-02,-2.639867737889289856e-02,-2.408899739384651184e-02,-2.410691231489181519e-02,-1.598563045263290405e-02,-3.024088218808174133e-03,4.136620089411735535e-03,1.241793506778776646e-03,-4.129157867282629013e-03,1.277430099435150623e-03,9.036443196237087250e-03,1.668701879680156708e-02,2.214936539530754089e-02,2.349186502397060394e-02,0.000000000000000000e+00,0.000000000000000000e+00,0.000000000000000000e+00,0.000000000000000000e+00
7.685804273933172226e-03,8.120610378682613373e-03,8.386489003896713257e-03,6.264880765229463577e-03,-8.622106164693832397e-03,-2.299463562667369843e-02,-3.081906214356422424e-02,-3.415496274828910828e-02,-2.849764190614223480e-02,-2.395224571228027344e-02,-8.482693694531917572e-03,6.417780648916959763e-03,4.106947162654250860e-04,-1.889488101005554199e-02,-3.532295301556587219e-02,-4.203506559133529663e-02,-5.591680109500885010e-02,-5.788899958133697510e-02,-4.500043392181396484e-02,-3.038097172975540161e-02,-2.460630238056182861e-02,-2.045622654259204865e-02,-1.788555458188056946e-02,-6.917446851730346680e-03,3.153656609356403351e-03,8.893621154129505157e-03,8.056626655161380768e-03,7.894980721175670624e-03,0.000000000000000000e+00,0.000000000000000000e+00,0.000000000000000000e+00,0.000000000000000000e+00
5.474387668073177338e-03,5.347663536667823792e-03,5.262975580990314484e-03,5.903561599552631378e-03,2.140039578080177307e-03,3.011415479704737663e-03,6.464223377406597137e-03,7.293203379958868027e-03,2.330458490177989006e-03,-5.731565412133932114e-03,-1.016361173242330551e-02,-1.114611420780420303e-02,-1.233163755387067795e-02,-1.559935696423053741e-02,-2.288541197776794434e-02,-2.324879169464111328e-02,-1.265357621014118195e-02,-1.438540313392877579e-02,-4.614440258592367172e-03,-1.552306348457932472e-03,5.505453329533338547e-03,1.397261163219809532e-03,-1.608872669748961926e-03,4.029294941574335098e-03,4.931244999170303345e-03,4.374433308839797974e-03,5.913600791245698929e-03,5.439043510705232620e-03,0.000000000000000000e+00,0.000000000000000000e+00,0.000000000000000000e+00,0.000000000000000000e+00
-9.263305924832820892e-03,-9.031397290527820587e-03,-5.670981947332620621e-03,-1.170389368780888617e-04,2.967762015759944916e-02,6.092585995793342590e-02,9.264157712459564209e-02,1.301864534616470337e-01,1.283089667558670044e-01,1.102627813816070557e-01,6.750428676605224609e-02,1.004006434231996536e-02,-5.450347810983657837e-02,-8.024623245000839233e-02,-6.738489866256713867e-02,-7.044797390699386597e-02,-7.830464094877243042e-02,-6.894890964031219482e-02,-3.514818102121353149e-02,-2.417861297726631165e-02,-7.700185291469097137e-03,-3.402452683076262474e-03,-9.219374507665634155e-03,-1.987646892666816711e-02,-1.737677678465843201e-02,-1.292580645531415939e-02,-1.104443892836570740e-02,-9.738652966916561127e-03,0.000000000000000000e+00,0.000000000000000000e+00,0.000000000000000000e+00,0.000000000000000000e+00
1.296405028551816940e-02,5.619236733764410019e-03,1.986876130104064941e-03,-8.310426026582717896e-03,-2.104924246668815613e-02,9.102203883230686188e-03,2.345678023993968964e-02,4.447034001350402832e-02,4.816638678312301636e-02,2.283784560859203339e-02,-4.978338256478309631e-03,-2.747509814798831940e-02,-8.837089687585830688e-02,-9.813077002763748169e-02,-7.373666018247604370e-02,-1.350249070674180984e-02,3.835497424006462097e-02,7.785709947347640991e-02,3.600876033306121826e-02,9.395479224622249603e-03,-9.616873576305806637e-04,-9.888054803013801575e-03,-1.697563566267490387e-02,-2.881373511627316475e-03,2.243062481284141541e-02,2.279112674295902252e-02,1.320323161780834198e-02,1.297617796808481216e-02,0.000000000000000000e+00,0.000000000000000000e+00,0.000000000000000000e+00,0.000000000000000000e+00
1.232375856488943100e-02,1.245730556547641754e-02,1.246301643550395966e-02,1.198581419885158539e-02,9.511436335742473602e-03,6.659142207354307175e-03,4.131356254220008850e-03,9.295929921790957451e-04,-4.426670260727405548e-03,-1.039686705917119980e-02,-1.502359658479690552e-02,-1.455243583768606186e-02,-1.071390789002180099e-02,-2.807658398523926735e-03,-5.393282044678926468e-04,-8.597064763307571411e-03,-1.246755383908748627e-02,-2.350919879972934723e-03,3.119544126093387604e-03,8.691371418535709381e-03,1.192176714539527893e-02,1.356451027095317841e-02,1.563030853867530823e-02,1.540835108608007431e-02,1.555994618684053421e-02,1.399820484220981598e-02,1.314713992178440094e-02,1.238532084971666336e-02,0.000000000000000000e+00,0.000000000000000000e+00,0.000000000000000000e+00,0.000000000000000000e+00
