-5.084061250090599060e-02,-5.097097530961036682e-02,-5.130976438522338867e-02,-5.623205751180648804e-02,-5.992499738931655884e-02,-5.140923336148262024e-02,-3.823095187544822693e-02,-1.575713977217674255e-02,6.630693096667528152e-03,1.597130484879016876e-02,2.267235331237316132e-02,1.953533850610256195e-02,9.910510852932929993e-03,1.215744763612747192e-02,2.289556153118610382e-02,2.476768009364604950e-02,1.665621995925903320e-02,6.672600284218788147e-03,-9.002931183204054832e-04,-7.552256342023611069e-03,-8.894770406186580658e-03,-1.258561480790376663e-02,-1.913823373615741730e-02,-3.259034082293510437e-02,-4.435496777296066284e-02,-5.042805150151252747e-02,-4.948297142982482910e-02,-5.052943155169487000e-02,0.000000000000000000e+00,0.000000000000000000e+00,0.000000000000000000e+00,0.000000000000000000e+00
-5.503793060779571533e-02,-5.532525107264518738e-02,-5.446591228246688843e-02,-5.744813755154609680e-02,-7.158385962247848511e-02,-7.606088370084762573e-02,-7.361730188131332397e-02,-6.448995321989059448e-02,-4.759468510746955872e-02,-2.268576063215732574e-02,-5.943668540567159653e-03,1.054663490504026413e-02,3.565253317356109619e-02,5.002734810113906860e-02,4.459928348660469055e-02,3.003729507327079773e-02,2.083129994571208954e-02,2.472987771034240723e-02,2.372133918106555939e-02,1.737252436578273773e-02,7.977795787155628204e-03,-2.847458003088831902e-03,-2.147772535681724548e-02,-3.601141273975372314e-02,-4.454674199223518372e-02,-5.120131000876426697e-02,-5.489087104797363281e-02,-5.487538129091262817e-02,0.000000000000000000e+00,0.000000000000000000e+00,0.000000000000000000e+00,0.000000000000000000e+00
-2.980286814272403717e-02,-3.063778392970561981e-02,-3.046019934117794037e-02,-3.013110719621181488e-02,-3.182210028171539307e-02,-2.833010628819465637e-02,-2.696298994123935699e-02,-2.656856738030910492e-02,-2.783855982124805450e-02,-2.351027727127075195e-02,-1.978708989918231964e-02,-1.500843279063701630e-02,-7.253781426697969437e-03,-1.381589099764823914e-03,-6.360499653965234756e-03,-1.169320847839117050e-02,-2.490686811506748199e-02,-2.690947428345680237e-02,-2.154437825083732605e-02,-1.239356305450201035e-02,-1.055399328470230103e-02,-1.401528529822826385e-02,-1.769345812499523163e-02,-2.766916155815124512e-02,-3.113128058612346649e-02,-3.109166212379932404e-02,-3.057948313653469086e-02,-3.027480654418468475e-02,0.000000000000000000e+00,0.000000000000000000e+00,0.000000000000000000e+00,0.000000000000000000e+00
-4.683485999703407288e-02,-4.748680070042610168e-02,-4.738579317927360535e-02,-4.186754673719406128e-02,-2.856594324111938477e-02,-1.706928387284278870e-02,-3.303574165329337120e-03,8.920492604374885559e-03,-1.168524730019271374e-03,1.290396437980234623e-03,1.091968454420566559e-02,2.378430776298046112e-02,2.723811753094196320e-02,8.725727908313274384e-03,-3.073076158761978149e-02,-4.749270901083946228e-02,-4.515337944030761719e-02,-9.192774072289466858e-03,1.325117144733667374e-02,1.961944438517093658e-02,8.880968205630779266e-03,-1.558096054941415787e-02,-2.906822226941585541e-02,-4.837768524885177612e-02,-5.380129441618919373e-02,-4.772853851318359375e-02,-4.742000624537467957e-02,-4.737389460206031799e-02,0.000000000000000000e+00,0.000000000000000000e+00,0.000000000000000000e+00,0.000000000000000000e+00
-3.874775394797325134e-02,-3.883614763617515564e-02,-3.878298029303550720e-02,-4.255097731947898865e-02,-5.136223137378692627e-02,-6.460932642221450806e-02,-6.252412497997283936e-02,-4.809936136007308960e-02,-2.741374447941780090e-02,-1.406330801546573639e-02,-9.863486513495445251e-03,-1.180507615208625793e-02,-8.350312709808349609e-03,1.149114780128002167e-02,3.666057437658309937e-02,5.064006894826889038e-02,2.881312929093837738e-02,6.235490553081035614e-03,-6.701766396872699261e-04,-1.007472537457942963e-02,-2.647601068019866943e-02,-4.838991910219192505e-02,-5.610607564449310303e-02,-5.587716773152351379e-02,-4.778011515736579895e-02,-3.799560293555259705e-02,-3.729536011815071106e-02,-3.850321844220161438e-02,0.000000000000000000e+00,0.000000000000000000e+00,0.000000000000000000e+00,0.000000000000000000e+00
-5.233683809638023376e-02,-5.181938409805297852e-02,-5.081835761666297913e-02,-4.620463028550148010e-02,-4.062134772539138794e-02,-2.690945938229560852e-02,-5.628241691738367081e-03,1.016771886497735977e-02,1.776754669845104218e-02,2.437800727784633636e-02,2.613175287842750549e-02,3.220555186271667480e-02,3.027680516242980957e-02,4.126318916678428650e-02,5.280913040041923523e-02,3.855808079242706299e-02,2.194099314510822296e-02,1.974098570644855499e-02,2.412892878055572510e-02,2.411039918661117554e-02,7.871020585298538208e-03,-3.096446627750992775e-03,-1.791864074766635895e-02,-3.256457671523094177e-02,-4.495497047901153564e-02,-5.330612882971763611e-02,-5.155750364065170288e-02,-5.183707177639007568e-02,0.000000000000000000e+00,0.000000000000000000e+00,0.000000000000000000e+00,0.000000000000000000e+00
-2.594115026295185089e-02,-2.610890008509159088e-02,-2.604570426046848297e-02,-2.242716401815414429e-02,-2.098551020026206970e-02,-2.420959062874317169e-02,-3.867475688457489014e-02,-5.301262438297271729e-02,-5.392355471849441528e-02,-2.544582076370716095e-02,-4.194288048893213272e-03,1.756033860146999359e-02,6.700781732797622681e-02,8.780334889888763428e-02,9.364352375268936157e-02,1.047068759799003601e-01,7.432448118925094604e-02,3.776026144623756409e-02,1.834952645003795624e-02,-1.457690633833408356e-02,-2.308606356382369995e-02,-2.891631610691547394e-02,-3.511079773306846619e-02,-2.872435562312602997e-02,-1.741505973041057587e-02,-1.737836375832557678e-02,-2.280152961611747742e-02,-2.476658672094345093e-02,0.000000000000000000e+00,0.000000000000000000e+00,0.000000000000000000e+00,0.000000000000000000e+00
-4.578588157892227173e-02,-4.559682309627532959e-02,-4.622147977352142334e-02,-4.485116526484489441e-02,-3.520588949322700500e-02,-1.138939987868070602e-02,3.851647488772869110e-03,4.590152762830257416e-03,1.353598013520240784e-02,2.776102907955646515e-02,3.049289621412754059e-02,2.035514824092388153e-02,1.611962541937828064e-02,2.764524519443511963e-02,2.645021863281726837e-02,8.998015895485877991e-03,3.162352368235588074e-04,-4.258419852703809738e-03,3.320029005408287048e-03,-1.042596902698278427e-02,-2.498463913798332214e-02,-3.095844574272632599e-02,-4.375666379928588867e-02,-5.416908487677574158e-02,-5.226189643144607544e-02,-4.960212856531143188e-02,-4.524321854114532471e-02,-4.501878097653388977e-02,0.000000000000000000e+00,0.000000000000000000e+00,0.000000000000000000e+00,0.000000000000000000e+00
-4.915678128600120544e-02,-4.968240857124328613e-02,-5.048066005110740662e-02,-4.803052917122840881e-02,-4.198649525642395020e-02,-3.515202552080154419e-02,-3.179502487182617188e-02,-1.956096664071083069e-02,-4.059399478137493134e-03,1.563406735658645630e-02,2.483965829014778137e-02,1.992364227771759033e-02,9.100581519305706024e-03,1.098218606784939766e-03,-5.627218633890151978e-03,-8.508530445396900177e-03,-6.967222318053245544e-03,4.237837158143520355e-03,6.218037102371454239e-03,2.692734822630882263e-03,5.879153613932430744e-04,-5.207100417464971542e-03,-1.886007003486156464e-02,-3.502543270587921143e-02,-4.408497363328933716e-02,-4.640761762857437134e-02,-4.889028146862983704e-02,-5.028037354350090027e-02,0.000000000000000000e+00,0.000000000000000000e+00,0.000000000000000000e+00,0.000000000000000000e+00
-4.347369819879531860e-02,-4.324159771203994751e-02,-4.327564686536788940e-02,-3.995374590158462524e-02,-2.416482195258140564e-02,-4.834335763007402420e-03,1.063450518995523453e-02,1.421178039163351059e-02,1.458598021417856216e-02,1.681300811469554901e-02,7.923021912574768066e-03,-7.964929100126028061e-04,9.739465080201625824e-03,2.345242351293563843e-02,2.382664754986763000e-02,6.460700649768114090e-03,-9.904320351779460907e-03,-1.861653663218021393e-02,-4.157044924795627594e-03,1.160983229056000710e-03,5.547206383198499680e-03,1.093974220566451550e-03,-1.259849034249782562e-02,-3.162530064582824707e-02,-4.283814877271652222e-02,-4.685892164707183838e-02,-4.385764151811599731e-02,-4.321740940213203430e-02,0.000000000000000000e+00,0.000000000000000000e+00,0.000000000000000000e+00,0.000000000000000000e+00
-3.615785762667655945e-02,-3.579322621226310730e-02,-3.478022664785385132e-02,-3.003119491040706635e-02,-1.493929699063301086e-02,5.609696381725370884e-04,6.443037651479244232e-03,-2.389290602877736092e-03,-1.351441163569688797e-02,-1.493883319199085236e-02,-9.895930066704750061e-03,-1.881017908453941345e-02,-3.242921456694602966e-02,-3.797405958175659180e-02,-5.864832922816276550e-02,-7.295509427785873413e-02,-6.133553013205528259e-02,-3.570064529776573181e-02,-2.682593651115894318e-02,-1.680119521915912628e-02,-1.593332365155220032e-02,-6.217700429260730743e-03,-8.858771994709968567e-03,-1.538236811757087708e-02,-3.013249114155769348e-02,-3.785807266831398010e-02,-3.633753210306167603e-02,-3.586154058575630188e-02,0.000000000000000000e+00,0.000000000000000000e+00,0.000000000000000000e+00,0.000000000000000000e+00
-4.457414895296096802e-02,-4.476930201053619385e-02,-4.444143548607826233e-02,-4.396025091409683228e-02,-4.507462680339813232e-02,-4.060862585902214050e-02,-3.009823337197303772e-02,-2.107625268399715424e-02,-1.706622168421745300e-02,-6.431042682379484177e-03,1.330313365906476974e-02,2.005816623568534851e-02,1.868216320872306824e-02,-4.351803509052842855e-04,-2.793775871396064758e-02,-3.808443620800971985e-02,-4.219184815883636475e-02,-3.909171000123023987e-02,-2.408066950738430023e-02,-2.344605885446071625e-02,-1.912899315357208252e-02,-1.328965462744235992e-02,-1.948666572570800781e-02,-2.932479046285152435e-02,-3.887629508972167969e-02,-4.584952816367149353e-02,-4.492166265845298767e-02,-4.428128153085708618e-02,0.000000000000000000e+00,0.000000000000000000e+00,0.000000000000000000e+00,0.000000000000000000e+00
-6.085204333066940308e-02,-6.304755061864852905e-02,-6.805843859910964966e-02,-7.102733105421066284e-02,-7.566772401332855225e-02,-6.704671680927276611e-02,-3.547217696905136108e-02,-4.469038918614387512e-03,1.953062601387500763e-02,2.522819489240646362e-02,1.912908069789409637e-02,1.458828989416360855e-02,-5.557389929890632629e-03,-2.215660735964775085e-02,-1.768609695136547089e-02,-4.629936534911394119e-03,-1.277893595397472382e-02,-4.776704590767621994e-03,-1.924889278598129749e-03,-8.877798914909362793e-03,-8.237715810537338257e-03,-2.594566531479358673e-02,-3.725045546889305115e-02,-5.982890352606773376e-02,-7.017800956964492798e-02,-6.032527983188629150e-02,-6.452519446611404419e-02,-6.143735349178314209e-02,0.000000000000000000e+00,0.000000000000000000e+00,0.000000000000000000e+00,0.000000000000000000e+00
-4.766267910599708557e-02,-4.849915951490402222e-02,-4.799998551607131958e-02,-4.668840393424034119e-02,-4.109691083431243896e-02,-3.742476552724838257e-02,-3.233366459608078003e-02,-2.645343728363513947e-02,-2.180563658475875854e-02,-1.475507020950317383e-02,-5.700886249542236328e-03,-1.709132338874042034e-03,3.012089291587471962e-04,8.851446211338043213e-03,1.135771535336971283e-02,-2.992220921441912651e-03,-6.082493346184492111e-03,-1.106865145266056061e-02,-2.017677575349807739e-02,-2.596212737262248993e-02,-2.943399734795093536e-02,-3.847996890544891357e-02,-4.191856086254119873e-02,-4.112599417567253113e-02,-4.522191733121871948e-02,-4.599587246775627136e-02,-4.663421586155891418e-02,-4.768082126975059509e-02,0.000000000000000000e+00,0.000000000000000000e+00,0.000000000000000000e+00,0.000000000000000000e+00
-5.127362161874771118e-02,-5.147511139512062073e-02,-5.127055570483207703e-02,-5.111780017614364624e-02,-5.176031589508056641e-02,-5.024218186736106873e-02,-4.600939527153968811e-02,-4.023630917072296143e-02,-3.492358326911926270e-02,-1.872957311570644379e-02,-8.259512484073638916e-03,5.823326762765645981e-03,2.027466520667076111e-02,1.540782861411571503e-02,3.723708912730216980e-03,7.330770604312419891e-03,9.409902617335319519e-03,-4.547172575257718563e-04,-5.945933517068624496e-03,-1.227791979908943176e-02,-2.627449110150337219e-02,-3.770748898386955261e-02,-4.710915312170982361e-02,-5.525658652186393738e-02,-5.331462621688842773e-02,-5.047835409641265869e-02,-5.073114857077598572e-02,-5.132543295621871948e-02,0.000000000000000000e+00,0.000000000000000000e+00,0.000000000000000000e+00,0.000000000000000000e+00
-3.169311210513114929e-02,-3.301822394132614136e-02,-3.323806822299957275e-02,-3.340929746627807617e-02,-3.596314042806625366e-02,-3.182018548250198364e-02,-2.900868840515613556e-02,-2.345807664096355438e-02,-2.142585068941116333e-02,-1.501085702329874039e-02,-1.313572656363248825e-02,-1.039710268378257751e-02,-5.834325216710567474e-03,-5.064124241471290588e-03,-8.135167881846427917e-03,-4.885500762611627579e-03,-1.263573206961154938e-02,-1.443457975983619690e-02,-1.284309476613998413e-02,-9.827638976275920868e-03,-1.274840813130140305e-02,-1.479635387659072876e-02,-2.110202424228191376e-02,-3.144245967268943787e-02,-3.239284455776214600e-02,-3.264522179961204529e-02,-3.219287842512130737e-02,-3.183138743042945862e-02,0.000000000000000000e+00,0.000000000000000000e+00,0.000000000000000000e+00,0.000000000000000000e+00
-4.619845375418663025e-02,-4.702944308519363403e-02,-4.787461459636688232e-02,-4.567800089716911316e-02,-4.289384931325912476e-02,-3.804447501897811890e-02,-2.693632431328296661e-02,-9.082895703613758087e-03,5.688014905899763107e-03,2.033427916467189789e-02,2.262332290410995483e-02,2.450221590697765350e-02,3.076915256679058075e-02,3.082087263464927673e-02,2.659522369503974915e-02,2.301977016031742096e-02,9.883626364171504974e-03,-6.114451214671134949e-03,-2.632899582386016846e-02,-4.181506484746932983e-02,-4.472317174077033997e-02,-4.847123101353645325e-02,-5.047577247023582458e-02,-4.891268163919448853e-02,-5.208818987011909485e-02,-4.516699910163879395e-02,-4.655081406235694885e-02,-4.741182550787925720e-02,0.000000000000000000e+00,0.000000000000000000e+00,0.000000000000000000e+00,0.000000000000000000e+00
-4.620588570833206177e-02,-4.782700911164283752e-02,-4.997097700834274292e-02,-4.865129292011260986e-02,-5.465416982769966125e-02,-5.911676958203315735e-02,-6.226963177323341370e-02,-5.892267823219299316e-02,-3.406869247555732727e-02,-1.126976963132619858e-02,1.022611372172832489e-02,3.367938846349716187e-02,5.127608776092529297e-02,5.986604839563369751e-02,5.466218292713165283e-02,7.613547146320343018e-02,8.950385451316833496e-02,8.312556892633438110e-02,4.831567034125328064e-02,2.802023291587829590e-02,3.078390844166278839e-03,-2.232783660292625427e-02,-2.939532324671745300e-02,-4.832712560892105103e-02,-5.602927878499031067e-02,-4.712117090821266174e-02,-4.804267361760139465e-02,-4.701291024684906006e-02,0.000000000000000000e+00,0.000000000000000000e+00,0.000000000000000000e+00,0.000000000000000000e+00
-5.272027477622032166e-02,-5.396017059683799744e-02,-5.495774000883102417e-02,-4.961628094315528870e-02,-3.277162835001945496e-02,-1.911510527133941650e-02,-8.288674987852573395e-03,5.117481574416160583e-03,8.502476848661899567e-03,7.445198018103837967e-03,1.400650013238191605e-02,2.459030784666538239e-02,2.643231861293315887e-02,2.206814102828502655e-02,1.843874529004096985e-02,1.952504180371761322e-02,2.347796596586704254e-02,1.809987425804138184e-02,5.198287311941385269e-03,-1.302451174706220627e-02,-7.920358330011367798e-03,-4.527946002781391144e-03,-1.342791691422462463e-02,-3.237501159310340881e-02,-4.796888306736946106e-02,-5.143213272094726562e-02,-5.476179718971252441e-02,-5.295697599649429321e-02,0.000000000000000000e+00,0.000000000000000000e+00,0.000000000000000000e+00,0.000000000000000000e+00
-6.162412464618682861e-02,-6.293119490146636963e-02,-6.397590786218643188e-02,-6.152182444930076599e-02,-5.928748100996017456e-02,-5.301946029067039490e-02,-3.814154490828514099e-02,-1.463998015969991684e-02,2.392229624092578888e-03,1.395573839545249939e-02,1.174967642873525620e-02,1.998292654752731323e-02,4.327011480927467346e-02,6.766334921121597290e-02,9.213294833898544312e-02,6.343045085668563843e-02,3.568059206008911133e-02,3.458553552627563477e-02,3.677579760551452637e-02,3.635149076581001282e-02,2.336734905838966370e-02,-1.482596038840711117e-03,-2.377888187766075134e-02,-3.747722133994102478e-02,-4.480226337909698486e-02,-5.377253517508506775e-02,-5.840996280312538147e-02,-6.151657178997993469e-02,0.000000000000000000e+00,0.000000000000000000e+00,0.000000000000000000e+00,0.000000000000000000e+00
-4.537644982337951660e-02,-4.507591947913169861e-02,-4.523920640349388123e-02,-4.626617580652236938e-02,-4.309831559658050537e-02,-3.866882249712944031e-02,-3.328057006001472473e-02,-3.357766568660736084e-02,-2.790704183280467987e-02,-1.922234520316123962e-02,-5.780765786767005920e-03,9.897808544337749481e-03,4.425647854804992676e-02,5.426055565476417542e-02,3.609401360154151917e-02,2.669059298932552338e-02,1.628005132079124451e-02,3.508367808535695076e-03,-2.582724904641509056e-03,-1.192218344658613205e-02,-2.140121720731258392e-02,-2.650194615125656128e-02,-3.292788192629814148e-02,-4.222696274518966675e-02,-4.403556510806083679e-02,-4.399849474430084229e-02,-4.394648969173431396e-02,-4.490969702601432800e-02,0.000000000000000000e+00,0.000000000000000000e+00,0.000000000000000000e+00,0.000000000000000000e+00
-5.173473060131072998e-02,-5.153057724237442017e-02,-4.914998635649681091e-02,-4.686731472611427307e-02,-4.655814915895462036e-02,-4.949426278471946716e-02,-4.761889204382896423e-02,-4.545034840703010559e-02,-4.234311357140541077e-02,-3.951511532068252563e-02,-1.741505600512027740e-02,1.847167313098907471e-02,5.263361707329750061e-02,7.706515491008758545e-02,4.532499238848686218e-02,2.265781722962856293e-02,1.473909057676792145e-02,2.813015505671501160e-02,2.935485169291496277e-02,2.710502594709396362e-02,3.020639996975660324e-03,-3.193767974153161049e-03,-1.372231822460889816e-02,-2.626185677945613861e-02,-4.228005930781364441e-02,-4.864216595888137817e-02,-5.016269907355308533e-02,-5.146488174796104431e-02,0.000000000000000000e+00,0.000000000000000000e+00,0.000000000000000000e+00,0.000000000000000000e+00
-7.279437780380249023e-02,-7.332840561866760254e-02,-7.331415265798568726e-02,-6.712581962347030640e-02,-5.343646928668022156e-02,-3.658314049243927002e-02,-2.376216277480125427e-02,-1.261509768664836884e-02,3.312232904136180878e-03,1.078717783093452454e-02,2.249974943697452545e-02,3.120469674468040466e-02,2.814632840454578400e-02,1.065063383430242538e-02,-3.108010627329349518e-03,-1.257140934467315674e-02,1.455806195735931396e-03,2.644835226237773895e-02,4.478259384632110596e-02,3.037220425903797150e-02,2.328742062672972679e-03,-2.797084674239158630e-02,-5.003030225634574890e-02,-7.294914126396179199e-02,-7.261215150356292725e-02,-7.172387838363647461e-02,-7.013042271137237549e-02,-7.158380001783370972e-02,0.000000000000000000e+00,0.000000000000000000e+00,0.000000000000000000e+00,0.000000000000000000e+00
-4.047441110014915466e-02,-4.162236675620079041e-02,-4.121266677975654602e-02,-4.018708318471908569e-02,-3.875634819269180298e-02,-3.455781191587448120e-02,-2.839329652488231659e-02,-2.410098537802696228e-02,-2.198651805520057678e-02,-1.552314311265945435e-02,-8.971997536718845367e-03,-6.515910383313894272e-03,-4.071761388331651688e-03,-5.394409410655498505e-03,-9.059906005859375000e-03,-7.108228746801614761e-03,-1.110805291682481766e-02,-1.451358385384082794e-02,-1.657933928072452545e-02,-1.034259051084518433e-02,-1.278215181082487106e-02,-1.743951067328453064e-02,-2.676677703857421875e-02,-3.582242876291275024e-02,-4.062618315219879150e-02,-3.948058933019638062e-02,-3.964619338512420654e-02,-4.057835042476654053e-02,0.000000000000000000e+00,0.000000000000000000e+00,0.000000000000000000e+00,0.000000000000000000e+00
-2.667964249849319458e-02,-2.665390446782112122e-02,-2.685352042317390442e-02,-2.662730775773525238e-02,-2.345242537558078766e-02,-1.753480359911918640e-02,-1.634127274155616760e-02,-2.266151085495948792e-02,-2.771902084350585938e-02,-2.159591764211654663e-02,-1.579533703625202179e-02,-1.446790155023336411e-02,-1.102644298225641251e-02,-1.030456740409135818e-02,-1.717725954949855804e-02,-1.918165199458599091e-02,-2.022626250982284546e-02,-1.970066688954830170e-02,-1.875425688922405243e-02,-1.950860396027565002e-02,-2.153228595852851868e-02,-2.156070806086063385e-02,-2.106213755905628204e-02,-2.034357748925685883e-02,-2.447381615638732910e-02,-2.679155021905899048e-02,-2.703067101538181305e-02,-2.659773081541061401e-02,0.000000000000000000e+00,0.000000000000000000e+00,0.000000000000000000e+00,0.000000000000000000e+00
-5.011734738945960999e-02,-5.118556693196296692e-02,-5.199844017624855042e-02,-4.980981722474098206e-02,-4.890111088752746582e-02,-4.559250548481941223e-02,-3.732737898826599121e-02,-2.084805630147457123e-02,-2.022290835157036781e-03,8.098859689198434353e-04,6.039370782673358917e-03,6.549043115228414536e-03,6.614429876208305359e-04,3.210551803931593895e-03,5.540227517485618591e-03,-1.889078528620302677e-03,-3.025583922863006592e-03,5.926665384322404861e-03,-1.403287402354180813e-03,-1.082729268819093704e-02,-1.860086992383003235e-02,-2.647082135081291199e-02,-3.676288574934005737e-02,-4.383044689893722534e-02,-5.012791976332664490e-02,-4.801745340228080750e-02,-5.015951767563819885e-02,-5.023881420493125916e-02,0.000000000000000000e+00,0.000000000000000000e+00,0.000000000000000000e+00,0.000000000000000000e+00
-5.714680999517440796e-02,-5.790482833981513977e-02,-5.943520367145538330e-02,-5.647915601730346680e-02,-5.230434238910675049e-02,-4.391105845570564270e-02,-2.649608068168163300e-02,-2.482084324583411217e-03,7.023586891591548920e-03,6.432667840272188187e-03,7.767608389258384705e-03,1.601187139749526978e-02,1.592382229864597321e-02,1.683952100574970245e-02,1.736731827259063721e-02,1.734736189246177673e-02,1.759556494653224945e-02,5.782245658338069916e-03,-8.492734283208847046e-03,-3.326367959380149841e-02,-2.817105315625667572e-02,-2.361278049647808075e-02,-3.209194913506507874e-02,-4.362884908914566040e-02,-5.688460543751716614e-02,-5.610798671841621399e-02,-6.038303300738334656e-02,-5.740858986973762512e-02,0.000000000000000000e+00,0.000000000000000000e+00,0.000000000000000000e+00,0.000000000000000000e+00
-5.819498002529144287e-02,-6.021547690033912659e-02,-6.274224817752838135e-02,-6.038970872759819031e-02,-5.209315568208694458e-02,-4.590766876935958862e-02,-3.363139927387237549e-02,-1.645841263234615326e-02,-3.201290033757686615e-03,5.226876121014356613e-03,1.059862039983272552e-02,8.530728518962860107e-03,2.051307121291756630e-03,-3.543589555192738771e-04,-4.420757468324154615e-04,-4.795711487531661987e-03,-1.401399075984954834e-02,-1.260854769498109818e-02,-1.268450915813446045e-02,-1.199636328965425491e-02,-1.074543688446283340e-02,-2.144738472998142242e-02,-3.657483682036399841e-02,-4.938508570194244385e-02,-5.693930014967918396e-02,-5.606816336512565613e-02,-5.715496093034744263e-02,-5.858270078897476196e-02,0.000000000000000000e+00,0.000000000000000000e+00,0.000000000000000000e+00,0.000000000000000000e+00
-5.027271434664726257e-02,-5.267143249511718750e-02,-5.512454733252525330e-02,-5.463588237762451172e-02,-5.150278285145759583e-02,-4.653946682810783386e-02,-3.379589691758155823e-02,-1.972731016576290131e-02,-9.312371839769184589e-04,6.321917288005352020e-03,8.565203286707401276e-03,1.019583898596465588e-03,-7.734364364296197891e-03,-3.537324490025639534e-03,-2.281660679727792740e-03,-1.419608760625123978e-02,-2.558434754610061646e-02,-1.582535915076732635e-02,-3.128739306703209877e-03,7.075809407979249954e-03,2.203446812927722931e-03,-1.307142991572618484e-02,-3.125963360071182251e-02,-4.506424069404602051e-02,-5.418294295668601990e-02,-5.051260441541671753e-02,-5.210451036691665649e-02,-5.088271573185920715e-02,0.000000000000000000e+00,0.000000000000000000e+00,0.000000000000000000e+00,0.000000000000000000e+00
-4.506674781441688538e-02,-4.497259110212326050e-02,-4.375161230564117432e-02,-4.218163713812828064e-02,-3.236484900116920471e-02,-1.050248183310031891e-02,1.049515511840581894e-02,3.034402430057525635e-02,4.832534864544868469e-02,5.062215402722358704e-02,6.413996964693069458e-02,5.951938405632972717e-02,3.766157105565071106e-02,3.153996169567108154e-02,2.769022993743419647e-02,1.407510694116353989e-02,1.524412259459495544e-02,2.276379987597465515e-02,3.103428892791271210e-02,3.324342519044876099e-02,1.659357547760009766e-02,-4.751317203044891357e-03,-1.947930082678794861e-02,-4.073730483651161194e-02,-5.002275854349136353e-02,-4.732170328497886658e-02,-4.691001400351524353e-02,-4.578706622123718262e-02,0.000000000000000000e+00,0.000000000000000000e+00,0.000000000000000000e+00,0.000000000000000000e+00
-1.741149276494979858e-02,-1.728595234453678131e-02,-1.709591411054134369e-02,-1.681779511272907257e-02,-1.175155863165855408e-02,-5.672973580658435822e-03,3.213820746168494225e-03,1.264644670300185680e-03,9.839047677814960480e-03,1.270023360848426819e-02,1.549361180514097214e-02,1.034123264253139496e-02,-8.075033314526081085e-03,3.162082284688949585e-03,2.097844332456588745e-02,1.196934282779693604e-02,-6.619585910812020302e-04,-1.177274528890848160e-02,-6.484447978436946869e-03,4.067136440426111221e-03,1.208380423486232758e-02,8.794095367193222046e-03,2.993562258780002594e-03,3.076732624322175980e-03,-1.012035086750984192e-02,-1.548088155686855316e-02,-1.616370305418968201e-02,-1.727789640426635742e-02,0.000000000000000000e+00,0.000000000000000000e+00,0.000000000000000000e+00,0.000000000000000000e+00
-4.859875515103340149e-02,-4.907265305519104004e-02,-4.752112179994583130e-02,-4.802103713154792786e-02,-4.881087318062782288e-02,-4.840329661965370178e-02,-4.482201486825942993e-02,-5.141431465744972229e-02,-7.307483255863189697e-02,-7.588271796703338623e-02,-8.298570662736892700e-02,-8.264756202697753906e-02,-5.905140936374664307e-02,4.427040927112102509e-03,4.165442660450935364e-02,4.601797461509704590e-02,2.165413228794932365e-03,1.184721477329730988e-02,3.655584901571273804e-02,3.809084370732307434e-02,3.526151645928621292e-03,-1.412940584123134613e-02,-2.890547364950180054e-02,-4.824923723936080933e-02,-4.321515560150146484e-02,-4.191471636295318604e-02,-4.558629170060157776e-02,-4.766402393579483032e-02,0.000000000000000000e+00,0.000000000000000000e+00,0.000000000000000000e+00,0.000000000000000000e+00
-4.605112224817276001e-02,-4.596726596355438232e-02,-4.530838131904602051e-02,-3.911908715963363647e-02,-3.015984408557415009e-02,-2.075256593525409698e-02,-9.053667075932025909e-03,7.764731068164110184e-03,2.018500678241252899e-02,1.798745244741439819e-02,2.757421880960464478e-02,3.956397995352745056e-02,4.283760115504264832e-02,3.816973417997360229e-02,1.913956739008426666e-02,1.716361567378044128e-02,2.668649516999721527e-02,9.880765341222286224e-03,-6.760458461940288544e-03,-2.937708795070648193e-02,-2.937406301498413086e-02,-2.644353359937667847e-02,-3.244807943701744080e-02,-4.178906977176666260e-02,-4.888449236750602722e-02,-4.703113809227943420e-02,-4.745950549840927124e-02,-4.603428766131401062e-02,0.000000000000000000e+00,0.000000000000000000e+00,0.000000000000000000e+00,0.000000000000000000e+00
-2.385956794023513794e-02,-2.223455905914306641e-02,-1.920941844582557678e-02,-9.157374501228332520e-03,3.137337416410446167e-02,6.390034407377243042e-02,6.913102418184280396e-02,4.991514235734939575e-02,2.889106236398220062e-02,1.136801321990787983e-03,-2.223338186740875244e-02,-4.479864239692687988e-02,-6.627143919467926025e-02,-4.469487816095352173e-02,-1.311317645013332367e-02,9.901686571538448334e-03,1.129359006881713867e-02,8.926788344979286194e-03,1.601088908500969410e-03,-1.102818828076124191e-02,-1.441487576812505722e-02,-3.729961812496185303e-03,-1.166430767625570297e-02,-1.698129065334796906e-02,-3.051373921334743500e-02,-2.666215412318706512e-02,-2.475128881633281708e-02,-2.405694685876369476e-02,0.000000000000000000e+00,0.000000000000000000e+00,0.000000000000000000e+00,0.000000000000000000e+00
-3.087520971894264221e-02,-3.107318654656410217e-02,-3.159071505069732666e-02,-3.423181921243667603e-02,-3.986131399869918823e-02,-4.732483997941017151e-02,-4.833861067891120911e-02,-5.929683893918991089e-02,-6.050474941730499268e-02,-5.410579591989517212e-02,-2.903098799288272858e-02,1.102014910429716110e-02,3.341421857476234436e-02,3.779716789722442627e-02,5.470648407936096191e-02,7.514695823192596436e-02,5.815333127975463867e-02,2.407641522586345673e-02,1.338170608505606651e-03,-1.182607561349868774e-02,-2.977729588747024536e-02,-4.670591279864311218e-02,-4.322372749447822571e-02,-3.201369568705558777e-02,-2.809118852019309998e-02,-2.593084797263145447e-02,-3.074283897876739502e-02,-3.005119971930980682e-02,0.000000000000000000e+00,0.000000000000000000e+00,0.000000000000000000e+00,0.000000000000000000e+00
-5.647579580545425415e-02,-5.691380798816680908e-02,-5.617464706301689148e-02,-5.597463250160217285e-02,-6.061227247118949890e-02,-5.656346306204795837e-02,-4.686061665415763855e-02,-4.218386113643646240e-02,-3.805149719119071960e-02,-3.248422592878341675e-02,-2.212807163596153259e-02,-6.966957356780767441e-03,8.538007736206054688e-03,3.971213882323354483e-04,-1.253879163414239883e-02,-8.714954368770122528e-03,-1.058607548475265503e-02,-1.650721766054630280e-02,-2.844989672303199768e-02,-4.583404958248138428e-02,-5.521195381879806519e-02,-4.827336966991424561e-02,-5.087178573012351990e-02,-5.292997509241104126e-02,-5.451546236872673035e-02,-5.478422716259956360e-02,-5.633469298481941223e-02,-5.627397075295448303e-02,0.000000000000000000e+00,0.000000000000000000e+00,0.000000000000000000e+00,0.000000000000000000e+00
-6.496720016002655029e-02,-6.574251502752304077e-02,-6.649249792098999023e-02,-6.858579814434051514e-02,-7.130854576826095581e-02,-6.339010596275329590e-02,-4.064748063683509827e-02,-2.060105651617050171e-02,-8.480878546833992004e-03,-8.523594588041305542e-03,-1.746137440204620361e-02,-2.279160544276237488e-02,-1.767748966813087463e-02,-1.161933783441781998e-02,7.440628018230199814e-03,2.705255150794982910e-02,2.011311985552310944e-02,3.908561170101165771e-02,5.620559677481651306e-02,4.863239452242851257e-02,4.403502866625785828e-02,2.322102710604667664e-02,-3.545316867530345917e-03,-3.393594548106193542e-02,-4.645381122827529907e-02,-6.208240613341331482e-02,-6.675436347723007202e-02,-6.479709595441818237e-02,0.000000000000000000e+00,0.000000000000000000e+00,0.000000000000000000e+00,0.000000000000000000e+00
-3.927116468548774719e-02,-3.949630260467529297e-02,-3.981949761509895325e-02,-4.142178222537040710e-02,-5.279633402824401855e-02,-5.466447770595550537e-02,-4.133251309394836426e-02,-3.086057305335998535e-02,-1.514610927551984787e-02,-3.433719044551253319e-03,3.403289476409554482e-03,-1.006404054351150990e-03,-6.362584885209798813e-03,-1.288470812141895294e-02,-1.213067863136529922e-02,-5.135251209139823914e-03,-1.308891922235488892e-02,-1.856950111687183380e-02,-1.573404483497142792e-02,-5.572816357016563416e-03,7.203268818557262421e-03,8.860534988343715668e-03,-2.802798699121922255e-04,-1.283850334584712982e-02,-2.486607059836387634e-02,-3.832828998565673828e-02,-3.982091322541236877e-02,-3.892998769879341125e-02,0.000000000000000000e+00,0.000000000000000000e+00,0.000000000000000000e+00,0.000000000000000000e+00
-5.289781838655471802e-02,-5.343097075819969177e-02,-5.375127494335174561e-02,-5.345474928617477417e-02,-4.207425937056541443e-02,-2.499751001596450806e-02,-9.007273241877555847e-03,5.710007622838020325e-03,1.103272661566734314e-02,9.831805713474750519e-03,5.869450047612190247e-03,3.674639388918876648e-03,1.730207167565822601e-02,2.849075570702552795e-02,3.828079998493194580e-02,3.255979716777801514e-02,3.223127126693725586e-02,3.073831647634506226e-02,3.244284912943840027e-02,2.972333505749702454e-02,3.735805302858352661e-02,2.439011819660663605e-02,2.244747243821620941e-03,-1.876163296401500702e-02,-3.617466241121292114e-02,-5.024100095033645630e-02,-5.271450057625770569e-02,-5.281651020050048828e-02,0.000000000000000000e+00,0.000000000000000000e+00,0.000000000000000000e+00,0.000000000000000000e+00
-4.703888669610023499e-02,-4.759283363819122314e-02,-4.775510728359222412e-02,-4.710626602172851562e-02,-4.112001881003379822e-02,-3.181803598999977112e-02,-2.367427386343479156e-02,-9.373026899993419647e-03,4.988098982721567154e-03,4.545737057924270630e-03,9.736565873026847839e-03,7.294926792383193970e-03,6.329236552119255066e-03,1.524542458355426788e-02,2.375598438084125519e-02,1.834578067064285278e-02,1.372964307665824890e-02,1.272693090140819550e-02,1.185640692710876465e-02,6.699779070913791656e-03,5.299096461385488510e-03,-3.876645583659410477e-03,-1.692382059991359711e-02,-2.619202621281147003e-02,-3.859736025333404541e-02,-4.478411003947257996e-02,-4.620759189128875732e-02,-4.688024520874023438e-02,0.000000000000000000e+00,0.000000000000000000e+00,0.000000000000000000e+00,0.000000000000000000e+00
-6.401281803846359253e-02,-6.452919542789459229e-02,-6.489692628383636475e-02,-6.597264856100082397e-02,-5.813506990671157837e-02,-4.277234151959419250e-02,-1.848895661532878876e-02,-2.590941265225410461e-03,8.807357400655746460e-03,1.537050958722829819e-02,6.583215203136205673e-03,3.972460050135850906e-03,1.060034986585378647e-02,5.910678301006555557e-03,-4.567266441881656647e-03,-3.025658079423010349e-04,4.236963111907243729e-03,1.298710983246564865e-02,2.481550909578800201e-02,2.071029692888259888e-02,9.053564630448818207e-03,-1.302139088511466980e-02,-2.712642215192317963e-02,-5.321530625224113464e-02,-5.950255692005157471e-02,-6.590924412012100220e-02,-6.478012353181838989e-02,-6.401054561138153076e-02,0.000000000000000000e+00,0.000000000000000000e+00,0.000000000000000000e+00,0.000000000000000000e+00
-3.204949572682380676e-02,-3.234751150012016296e-02,-3.267687559127807617e-02,-3.351621329784393311e-02,-4.193470627069473267e-02,-5.252211168408393860e-02,-4.981676861643791199e-02,-3.498638421297073364e-02,-2.708083949983119965e-02,-2.591311372816562653e-02,-3.207768872380256653e-02,-2.847334928810596466e-02,-2.770194225013256073e-02,-2.405404299497604370e-02,-3.800223767757415771e-02,-5.970589444041252136e-02,-5.696224421262741089e-02,-3.252924606204032898e-02,-1.581911928951740265e-02,6.344079971313476562e-03,-4.187662620097398758e-03,-2.452886290848255157e-02,-2.852721884846687317e-02,-3.129507601261138916e-02,-3.188243880867958069e-02,-3.139670193195343018e-02,-3.232217580080032349e-02,-3.244607150554656982e-02,0.000000000000000000e+00,0.000000000000000000e+00,0.000000000000000000e+00,0.000000000000000000e+00
-1.780780963599681854e-02,-1.815119385719299316e-02,-1.814279891550540924e-02,-2.091607265174388885e-02,-3.045995905995368958e-02,-4.031907767057418823e-02,-4.317112267017364502e-02,-4.284162074327468872e-02,-3.633274137973785400e-02,-3.073254227638244629e-02,-1.694440469145774841e-02,1.347562763839960098e-02,5.376591160893440247e-02,9.263202548027038574e-02,1.361844986677169800e-01,1.178256943821907043e-01,2.881935983896255493e-02,-5.949556455016136169e-02,-7.744586467742919922e-02,-5.135193839669227600e-02,-2.248628996312618256e-02,-2.131328545510768890e-02,-1.965119875967502594e-02,-1.919700764119625092e-02,-1.738146133720874786e-02,-1.473406981676816940e-02,-1.721150241792201996e-02,-1.744895987212657928e-02,0.000000000000000000e+00,0.000000000000000000e+00,0.000000000000000000e+00,0.000000000000000000e+00
-5.812917277216911316e-02,-5.937777832150459290e-02,-5.958458036184310913e-02,-5.482429638504981995e-02,-3.570236265659332275e-02,5.580074619501829147e-03,2.481117658317089081e-02,3.275129944086074829e-02,2.957000024616718292e-02,1.712286472320556641e-02,1.225083600729703903e-02,-1.786890439689159393e-03,-2.571249380707740784e-02,-5.394902080297470093e-02,-3.955087438225746155e-02,2.050912380218505859e-02,8.755731582641601562e-02,1.072007268667221069e-01,8.468005806207656860e-02,6.325723975896835327e-02,5.101229622960090637e-02,2.578168921172618866e-02,-3.719783620908856392e-03,-2.295450121164321899e-02,-3.431066870689392090e-02,-5.195510387420654297e-02,-5.753699317574501038e-02,-5.833366140723228455e-02,0.000000000000000000e+00,0.000000000000000000e+00,0.000000000000000000e+00,0.000000000000000000e+00
-3.194186836481094360e-02,-3.207320719957351685e-02,-3.128709644079208374e-02,-2.930453978478908539e-02,-1.724335364997386932e-02,3.062959527596831322e-03,1.091547496616840363e-02,1.675888337194919586e-02,2.637996710836887360e-02,2.647408284246921539e-02,2.901982888579368591e-02,8.764795958995819092e-03,-2.499172091484069824e-02,-4.778857529163360596e-02,-5.374755710363388062e-02,-1.839599013328552246e-02,2.263562753796577454e-02,1.908148266375064850e-02,1.259334199130535126e-02,2.073199674487113953e-02,1.418503932654857635e-02,3.353153821080923080e-03,-1.407958008348941803e-02,-3.598225489258766174e-02,-3.929798677563667297e-02,-3.387867286801338196e-02,-3.223818540573120117e-02,-3.203196451067924500e-02,0.000000000000000000e+00,0.000000000000000000e+00,0.000000000000000000e+00,0.000000000000000000e+00
-5.345173552632331848e-02,-5.364255979657173157e-02,-5.288483202457427979e-02,-5.249287560582160950e-02,-5.725243315100669861e-02,-6.510984152555465698e-02,-5.202465504407882690e-02,-2.652921155095100403e-02,-4.825979995075613260e-04,1.304048020392656326e-02,7.618175353854894638e-03,4.760918673127889633e-03,8.135369047522544861e-03,3.018584102392196655e-02,5.811049416661262512e-02,6.486991792917251587e-02,4.484326764941215515e-02,1.648234575986862183e-02,1.769479736685752869e-02,2.252620272338390350e-02,5.115311127156019211e-03,-3.514554351568222046e-02,-5.610629916191101074e-02,-6.281430274248123169e-02,-5.983133241534233093e-02,-5.291046574711799622e-02,-5.228808522224426270e-02,-5.346735939383506775e-02,0.000000000000000000e+00,0.000000000000000000e+00,0.000000000000000000e+00,0.000000000000000000e+00
-5.351587384939193726e-02,-5.356162041425704956e-02,-5.320024862885475159e-02,-4.913088306784629822e-02,-2.896346338093280792e-02,-1.705488935112953186e-02,-3.421834204345941544e-03,4.160432144999504089e-03,-1.576149836182594299e-02,-2.017643861472606659e-02,-8.653989061713218689e-03,8.442969992756843567e-04,1.844898983836174011e-02,1.336226798593997955e-02,6.143896840512752533e-03,2.946514636278152466e-03,1.026054844260215759e-02,1.716074533760547638e-02,2.879545278847217560e-02,3.405253216624259949e-02,3.594200685620307922e-02,2.945588901638984680e-02,1.882392168045043945e-02,-4.709855187684297562e-03,-3.672895208001136780e-02,-5.611940100789070129e-02,-5.582298338413238525e-02,-5.415685102343559265e-02,0.000000000000000000e+00,0.000000000000000000e+00,0.000000000000000000e+00,0.000000000000000000e+00
-5.098995193839073181e-02,-5.166264623403549194e-02,-5.232903733849525452e-02,-4.930783063173294067e-02,-4.538219422101974487e-02,-3.987360745668411255e-02,-3.252111002802848816e-02,-1.740144379436969757e-02,4.338497295975685120e-03,1.028245966881513596e-02,1.866319961845874786e-02,1.782487891614437103e-02,8.148605003952980042e-03,1.184899266809225082e-02,1.398726087063550949e-02,5.848905537277460098e-03,7.593843154609203339e-03,1.800550520420074463e-02,8.108370937407016754e-03,2.373559167608618736e-03,-1.143878046423196793e-02,-2.739697135984897614e-02,-4.214526712894439697e-02,-4.965267330408096313e-02,-5.683028325438499451e-02,-5.072844773530960083e-02,-5.125164613127708435e-02,-5.136708542704582214e-02,0.000000000000000000e+00,0.000000000000000000e+00,0.000000000000000000e+00,0.000000000000000000e+00
-4.673051461577415466e-02,-4.549881070852279663e-02,-4.554984346032142639e-02,-4.016390070319175720e-02,-2.331171557307243347e-02,9.228656417690217495e-04,1.462228130549192429e-02,1.399916596710681915e-02,1.074097817763686180e-03,-7.594521157443523407e-03,-2.506875991821289062e-02,-2.675956115126609802e-02,-9.212497621774673462e-03,9.458831627853214741e-04,-9.612064808607101440e-03,-2.187046781182289124e-02,-3.904626145958900452e-02,-5.674844980239868164e-02,-3.843527287244796753e-02,-2.525889128446578979e-02,-1.421482302248477936e-02,-2.276592142879962921e-02,-3.077169135212898254e-02,-4.766755178570747375e-02,-5.398193746805191040e-02,-5.082612112164497375e-02,-4.581912606954574585e-02,-4.613233730196952820e-02,0.000000000000000000e+00,0.000000000000000000e+00,0.000000000000000000e+00,0.000000000000000000e+00
-3.620640188455581665e-02,-3.675347566604614258e-02,-3.601457923650741577e-02,-4.216723516583442688e-02,-5.084583908319473267e-02,-5.378968641161918640e-02,-5.183842033147811890e-02,-4.111833870410919189e-02,-6.415652111172676086e-03,2.842848375439643860e-02,4.729476943612098694e-02,4.830370098352432251e-02,6.988974660634994507e-02,8.035699278116226196e-02,7.664602249860763550e-02,8.049991726875305176e-02,8.580817282199859619e-02,7.880622148513793945e-02,4.787958413362503052e-02,3.334053978323936462e-02,8.139201439917087555e-03,-1.813132315874099731e-02,-3.255997225642204285e-02,-2.939757145941257477e-02,-2.500249631702899933e-02,-2.746926434338092804e-02,-3.181177377700805664e-02,-3.554538264870643616e-02,0.000000000000000000e+00,0.000000000000000000e+00,0.000000000000000000e+00,0.000000000000000000e+00
-8.363216370344161987e-02,-8.553702384233474731e-02,-8.645971864461898804e-02,-8.542472124099731445e-02,-7.192631065845489502e-02,-5.010994896292686462e-02,-3.545268625020980835e-02,-7.027864921838045120e-03,1.028760895133018494e-02,2.208598889410495758e-02,3.139288723468780518e-02,2.770754508674144745e-02,1.107400190085172653e-02,9.936463320627808571e-04,1.453929115086793900e-02,2.495574764907360077e-02,2.985468693077564240e-02,1.693238504230976105e-02,4.711681045591831207e-03,-1.867937971837818623e-03,8.340548956766724586e-04,-3.033106215298175812e-03,-3.157448396086692810e-02,-4.639187455177307129e-02,-6.539574265480041504e-02,-7.506448775529861450e-02,-8.135461062192916870e-02,-8.402376621961593628e-02,0.000000000000000000e+00,0.000000000000000000e+00,0.000000000000000000e+00,0.000000000000000000e+00
-4.508443176746368408e-02,-4.501385241746902466e-02,-4.428622871637344360e-02,-4.462153092026710510e-02,-6.134317442774772644e-02,-7.361841946840286255e-02,-7.459127902984619141e-02,-6.159564852714538574e-02,-5.371246859431266785e-02,-4.280981048941612244e-02,-4.227493703365325928e-02,-1.074651032686233521e-01,-1.405876874923706055e-01,-8.129504323005676270e-02,-2.284768223762512207e-02,1.540086325258016586e-02,1.621722243726253510e-02,1.680392399430274963e-02,-6.492632906883955002e-03,-2.650710567831993103e-02,-2.749107033014297485e-02,-1.581894233822822571e-02,-1.553028821945190430e-02,-3.311977162957191467e-02,-5.037420988082885742e-02,-4.997778683900833130e-02,-4.597757756710052490e-02,-4.600773751735687256e-02,0.000000000000000000e+00,0.000000000000000000e+00,0.000000000000000000e+00,0.000000000000000000e+00
-3.364529833197593689e-02,-3.529583662748336792e-02,-3.537052869796752930e-02,-3.495832905173301697e-02,-3.619968518614768982e-02,-3.236315026879310608e-02,-2.787915803492069244e-02,-2.179533615708351135e-02,-1.999802514910697937e-02,-1.522427983582019806e-02,-1.216330099850893021e-02,-9.927583858370780945e-03,-6.589027121663093567e-03,-6.153228227049112320e-03,-8.492911234498023987e-03,-5.535443779081106186e-03,-1.269637793302536011e-02,-1.511980034410953522e-02,-1.534712966531515121e-02,-1.065854541957378387e-02,-1.189232710748910904e-02,-1.469814125448465347e-02,-2.200530655682086945e-02,-3.199321031570434570e-02,-3.428096324205398560e-02,-3.434134647250175476e-02,-3.397190570831298828e-02,-3.380022570490837097e-02,0.000000000000000000e+00,0.000000000000000000e+00,0.000000000000000000e+00,0.000000000000000000e+00
-3.769741952419281006e-02,-3.724083304405212402e-02,-3.786635398864746094e-02,-3.861602768301963806e-02,-3.904985636472702026e-02,-3.116656653583049774e-02,-1.693889871239662170e-02,-1.043336838483810425e-02,-3.591069718822836876e-03,-7.524257525801658630e-04,4.154454451054334641e-03,1.860452070832252502e-02,2.612132392823696136e-02,3.726907819509506226e-02,4.365402460098266602e-02,3.984111174941062927e-02,2.356260269880294800e-02,-7.694815285503864288e-04,-5.882219411432743073e-03,-1.668858155608177185e-02,-2.012984082102775574e-02,-1.964981481432914734e-02,-2.263366430997848511e-02,-2.561503835022449493e-02,-3.560934588313102722e-02,-3.700625523924827576e-02,-3.916788846254348755e-02,-3.782506287097930908e-02,0.000000000000000000e+00,0.000000000000000000e+00,0.000000000000000000e+00,0.000000000000000000e+00
-4.021587595343589783e-02,-3.953506052494049072e-02,-4.018105939030647278e-02,-4.357002675533294678e-02,-5.015482753515243530e-02,-3.116166219115257263e-02,-7.969114929437637329e-03,9.987816214561462402e-03,2.498372271656990051e-02,4.011807590723037720e-02,5.062233656644821167e-02,4.715193435549736023e-02,2.702085115015506744e-02,2.761135995388031006e-02,4.111117497086524963e-02,5.377354100346565247e-02,4.186476767063140869e-02,1.433765888214111328e-02,-4.017713479697704315e-03,-1.129815354943275452e-02,-6.890882737934589386e-03,-8.739393670111894608e-04,-3.640537848696112633e-03,-1.754916459321975708e-02,-3.236924111843109131e-02,-4.144752398133277893e-02,-4.126906767487525940e-02,-4.064111784100532532e-02,0.000000000000000000e+00,0.000000000000000000e+00,0.000000000000000000e+00,0.000000000000000000e+00
-4.890562966465950012e-02,-4.726586490869522095e-02,-4.642460495233535767e-02,-4.665569588541984558e-02,-3.831077739596366882e-02,-2.170082740485668182e-02,1.238293200731277466e-02,2.063712663948535919e-02,2.603504620492458344e-02,3.743347525596618652e-02,4.676428064703941345e-02,5.627354234457015991e-02,5.381432920694351196e-02,6.797280162572860718e-02,8.520515263080596924e-02,7.774522155523300171e-02,6.269734352827072144e-02,5.595727264881134033e-02,3.796295076608657837e-02,2.383257821202278137e-02,-2.474696841090917587e-03,-1.846089586615562439e-02,-1.867939159274101257e-02,-2.541565708816051483e-02,-4.478411749005317688e-02,-4.986520484089851379e-02,-4.808467626571655273e-02,-4.833374544978141785e-02,0.000000000000000000e+00,0.000000000000000000e+00,0.000000000000000000e+00,0.000000000000000000e+00
-5.310463905334472656e-02,-5.342782661318778992e-02,-5.329270660877227783e-02,-5.256186425685882568e-02,-4.844776913523674011e-02,-3.059185110032558441e-02,-2.723475359380245209e-02,-1.954758539795875549e-02,-7.088072132319211960e-03,1.214628014713525772e-02,2.391713298857212067e-02,3.322997316718101501e-02,5.466737598180770874e-02,5.315215513110160828e-02,4.029270634055137634e-02,3.748827055096626282e-02,3.688033297657966614e-02,3.894293308258056641e-02,3.591923043131828308e-02,2.689455822110176086e-02,1.191121991723775864e-02,-6.747871520929038525e-04,-1.828494481742382050e-02,-3.811058029532432556e-02,-4.517216235399246216e-02,-5.256819725036621094e-02,-5.415572598576545715e-02,-5.383242294192314148e-02,0.000000000000000000e+00,0.000000000000000000e+00,0.000000000000000000e+00,0.000000000000000000e+00
-3.626820817589759827e-02,-3.644903004169464111e-02,-3.644758835434913635e-02,-3.915778920054435730e-02,-5.117075890302658081e-02,-4.865187034010887146e-02,-3.889145702123641968e-02,-3.263027966022491455e-02,-2.693952247500419617e-02,-1.630462147295475006e-02,-1.897534588351845741e-03,-6.121298763900995255e-03,-1.097375806421041489e-02,-2.123422548174858093e-02,-3.114203922450542450e-02,-3.530131280422210693e-02,-4.327496141195297241e-02,-3.953201323747634888e-02,-3.207610547542572021e-02,-2.776906825602054596e-02,-2.815951593220233917e-02,-2.870040573179721832e-02,-3.122225962579250336e-02,-3.464878350496292114e-02,-3.522855415940284729e-02,-3.491836041212081909e-02,-3.517837822437286377e-02,-3.605369850993156433e-02,0.000000000000000000e+00,0.000000000000000000e+00,0.000000000000000000e+00,0.000000000000000000e+00
-5.444700270891189575e-02,-5.480080470442771912e-02,-5.613137409090995789e-02,-6.056884303689002991e-02,-6.524220108985900879e-02,-6.222932785749435425e-02,-5.139305442571640015e-02,-4.078371077775955200e-02,-2.811831608414649963e-02,-1.377535983920097351e-02,-5.593707785010337830e-03,5.974600557237863541e-03,1.989468932151794434e-02,2.503466792404651642e-02,3.072823770344257355e-02,3.103940747678279877e-02,2.164904959499835968e-02,1.326473150402307510e-02,8.712490089237689972e-03,-6.684345862595364451e-05,1.835703616961836815e-03,3.324201563373208046e-03,-7.721701636910438538e-03,-2.972721494734287262e-02,-4.522694274783134460e-02,-5.182327702641487122e-02,-5.797594413161277771e-02,-5.450132489204406738e-02,0.000000000000000000e+00,0.000000000000000000e+00,0.000000000000000000e+00,0.000000000000000000e+00
-4.984716698527336121e-02,-5.015797168016433716e-02,-5.088486522436141968e-02,-5.323301628232002258e-02,-4.947794973850250244e-02,-3.190854564309120178e-02,-1.854558102786540985e-02,-1.997322309762239456e-03,1.270944904536008835e-02,1.278919260948896408e-02,1.580285467207431793e-02,1.210899464786052704e-02,1.692925230599939823e-03,2.837827196344733238e-03,1.229985989630222321e-02,1.526965014636516571e-02,1.543162111192941666e-02,7.528810761868953705e-03,2.739614341408014297e-03,-6.815945962443947792e-04,-4.976790864020586014e-03,-1.456066593527793884e-02,-2.442270889878273010e-02,-3.820491954684257507e-02,-4.696694016456604004e-02,-5.083488300442695618e-02,-4.882838949561119080e-02,-4.949498176574707031e-02,0.000000000000000000e+00,0.000000000000000000e+00,0.000000000000000000e+00,0.000000000000000000e+00
-3.120292536914348602e-02,-3.141069039702415466e-02,-3.135375678539276123e-02,-3.009151108562946320e-02,-3.151151537895202637e-02,-3.482005372643470764e-02,-2.835759148001670837e-02,-2.131631597876548767e-02,-1.479043159633874893e-02,-6.085877306759357452e-03,-4.022502806037664413e-03,-2.955602016299962997e-03,4.060408566147089005e-03,7.032162509858608246e-03,6.056862417608499527e-03,2.546147734392434359e-04,-1.390473265200853348e-02,-1.705777645111083984e-02,-9.423223324120044708e-03,-1.861179131083190441e-03,4.375354386866092682e-03,1.746710040606558323e-03,-5.251745693385601044e-03,-1.451710984110832214e-02,-2.612587995827198029e-02,-3.185575082898139954e-02,-3.219414129853248596e-02,-3.123969398438930511e-02,0.000000000000000000e+00,0.000000000000000000e+00,0.000000000000000000e+00,0.000000000000000000e+00
-4.985431954264640808e-02,-4.992601647973060608e-02,-4.842094704508781433e-02,-4.101291671395301819e-02,-2.186270244419574738e-02,-2.614422468468546867e-03,1.519833575002849102e-03,5.815533921122550964e-03,1.310509978793561459e-04,7.557579316198825836e-03,1.159092877060174942e-02,1.562714762985706329e-02,2.086370438337326050e-02,1.716854050755500793e-02,2.425864525139331818e-02,3.361197561025619507e-02,4.550445824861526489e-02,6.929393112659454346e-02,6.249050050973892212e-02,5.121739953756332397e-02,2.575458586215972900e-02,1.691893301904201508e-02,5.858187563717365265e-03,-1.395634841173887253e-02,-3.504328802227973938e-02,-4.704333841800689697e-02,-5.043894425034523010e-02,-5.020215362310409546e-02,0.000000000000000000e+00,0.000000000000000000e+00,0.000000000000000000e+00,0.000000000000000000e+00
-4.310840740799903870e-02,-4.372882097959518433e-02,-4.210203140974044800e-02,-3.262786567211151123e-02,-2.534792199730873108e-02,-1.935943774878978729e-02,-1.140362862497568130e-02,-2.524987608194351196e-02,-2.791587263345718384e-02,-4.766001924872398376e-02,-4.705044254660606384e-02,-3.414152190089225769e-02,-1.025535530061461031e-04,1.482608169317245483e-02,1.870059408247470856e-03,-2.691178210079669952e-02,-7.697570323944091797e-02,-8.521938323974609375e-02,-8.201738446950912476e-02,-4.756015166640281677e-02,-3.332209214568138123e-02,-1.196081470698118210e-02,-1.990883797407150269e-02,-3.782151639461517334e-02,-4.876272752881050110e-02,-4.519207403063774109e-02,-4.411288350820541382e-02,-4.406479373574256897e-02,0.000000000000000000e+00,0.000000000000000000e+00,0.000000000000000000e+00,0.000000000000000000e+00
-3.963081538677215576e-02,-4.022660851478576660e-02,-3.999422490596771240e-02,-3.954440355300903320e-02,-3.964254260063171387e-02,-3.538605198264122009e-02,-3.040875680744647980e-02,-2.650244906544685364e-02,-2.567370980978012085e-02,-1.586164161562919617e-02,-1.047310419380664825e-02,-6.875725928694009781e-03,-1.585731864906847477e-03,-3.830069676041603088e-03,-8.369326591491699219e-03,-3.963725175708532333e-03,-8.483942598104476929e-03,-1.347221992909908295e-02,-1.576052419841289520e-02,-1.379704196006059647e-02,-1.833628118038177490e-02,-2.173581533133983612e-02,-2.939137257635593414e-02,-3.774187713861465454e-02,-3.903817757964134216e-02,-3.919690847396850586e-02,-3.885489702224731445e-02,-3.959517180919647217e-02,0.000000000000000000e+00,0.000000000000000000e+00,0.000000000000000000e+00,0.000000000000000000e+00
