1.693441416136920452e-03,2.216771012172102928e-03,4.444216843694448471e-03,1.894089579582214355e-02,1.241679955273866653e-02,-6.830457597970962524e-03,-1.756088109686970711e-03,7.423295639455318451e-03,6.963607855141162872e-03,5.072407424449920654e-03,-2.655591256916522980e-02,-2.108524367213249207e-02,-2.445959486067295074e-02,-4.127245768904685974e-02,7.335252594202756882e-03,1.833015680313110352e-02,8.399631828069686890e-03,2.704038470983505249e-02,3.601887449622154236e-02,7.907286286354064941e-03,-1.329383347183465958e-02,-2.421746775507926941e-02,-2.430787868797779083e-02,-7.655909284949302673e-03,1.510766800493001938e-02,1.352057792246341705e-02,1.126758754253387451e-02,4.494507331401109695e-03,0.000000000000000000e+00,0.000000000000000000e+00,0.000000000000000000e+00,0.000000000000000000e+00
-9.473900310695171356e-03,-5.596080794930458069e-03,3.266047220677137375e-03,9.836345911026000977e-03,4.779132548719644547e-03,-3.576728329062461853e-02,-5.627969652414321899e-02,-3.054098598659038544e-02,-1.428044307976961136e-02,5.533378571271896362e-04,-1.274955808185040951e-03,-3.871205262839794159e-03,-1.173263881355524063e-02,-7.671114988625049591e-03,3.619466722011566162e-02,1.478160265833139420e-02,1.550178742036223412e-03,-1.571413874626159668e-02,-6.668549031019210815e-03,-7.639446295797824860e-03,-7.024760823696851730e-03,-7.405158597975969315e-03,-1.071435865014791489e-02,1.701178215444087982e-02,2.704975754022598267e-02,1.586498320102691650e-02,-4.788259975612163544e-03,-8.334279991686344147e-03,0.000000000000000000e+00,0.000000000000000000e+00,0.000000000000000000e+00,0.000000000000000000e+00
1.408317126333713531e-02,1.532412040978670120e-02,1.597650535404682159e-02,1.224851980805397034e-02,1.544247567653656006e-02,2.667265199124813080e-02,3.672071918845176697e-02,4.056878760457038879e-02,2.982625924050807953e-02,7.802517153322696686e-03,-2.216932550072669983e-02,-5.027427151799201965e-02,-8.266416937112808228e-02,-9.056416898965835571e-02,-8.512379229068756104e-02,-8.547057956457138062e-02,-5.814494565129280090e-02,-2.596936747431755066e-02,-2.341704815626144409e-02,-4.030264168977737427e-02,-3.731989488005638123e-02,-2.597349695861339569e-02,-1.846581138670444489e-02,4.198235692456364632e-04,1.096974126994609833e-02,1.313195656985044479e-02,2.043018676340579987e-02,1.739255897700786591e-02,0.000000000000000000e+00,0.000000000000000000e+00,0.000000000000000000e+00,0.000000000000000000e+00
-9.831199422478675842e-03,-1.408517267554998398e-02,-4.619261249899864197e-03,-1.675758697092533112e-02,-3.774568438529968262e-03,4.044574499130249023e-02,3.560420870780944824e-02,5.360884964466094971e-02,7.464238256216049194e-02,7.652975618839263916e-02,8.417296223342418671e-03,-9.548756480216979980e-02,-1.696888059377670288e-01,-1.413673013448715210e-01,-1.471720356494188309e-02,7.565142959356307983e-02,1.114309802651405334e-01,7.024432718753814697e-02,2.296019718050956726e-02,-2.144048176705837250e-02,-1.930929720401763916e-02,1.360493339598178864e-02,-1.421638531610369682e-03,-2.535973675549030304e-03,3.192178905010223389e-03,-1.477758586406707764e-02,-3.354225540533661842e-03,-1.121143903583288193e-02,0.000000000000000000e+00,0.000000000000000000e+00,0.000000000000000000e+00,0.000000000000000000e+00
2.592392265796661377e-02,2.621252276003360748e-02,2.684556320309638977e-02,1.904079318046569824e-02,2.179019385948777199e-03,-1.737239211797714233e-02,-3.240704908967018127e-02,-8.850188925862312317e-03,4.102443903684616089e-02,4.873393103480339050e-02,6.566287577152252197e-02,6.193784624338150024e-02,1.673027500510215759e-02,-3.154859319329261780e-02,-5.795418098568916321e-02,-2.380335889756679535e-02,4.238858446478843689e-02,5.638662353157997131e-02,4.774371907114982605e-02,7.165084034204483032e-02,7.596763968467712402e-02,9.900514781475067139e-02,8.754795789718627930e-02,4.582425951957702637e-02,1.417417824268341064e-02,1.004304084926843643e-02,1.635370217263698578e-02,2.408487163484096527e-02,0.000000000000000000e+00,0.000000000000000000e+00,0.000000000000000000e+00,0.000000000000000000e+00
1.687819138169288635e-02,1.590497791767120361e-02,1.434819400310516357e-02,2.123361267149448395e-02,3.300137817859649658e-02,4.266652831574901938e-05,3.054440952837467194e-03,-9.385169250890612602e-04,-1.598954573273658752e-02,-4.902299959212541580e-03,-3.157035261392593384e-02,-1.718646101653575897e-02,-2.057271823287010193e-02,-4.907574877142906189e-02,-7.060343772172927856e-02,-6.239579245448112488e-02,-1.799056306481361389e-02,5.982583854347467422e-03,1.407377887517213821e-02,5.481329280883073807e-03,8.763849735260009766e-03,-1.905194669961929321e-02,-3.183983964845538139e-03,5.312532186508178711e-03,1.954590156674385071e-02,1.404559984803199768e-02,1.521670352667570114e-02,1.648244075477123260e-02,0.000000000000000000e+00,0.000000000000000000e+00,0.000000000000000000e+00,0.000000000000000000e+00
-3.273436427116394043e-02,-2.814408577978610992e-02,-3.431290760636329651e-02,-4.405526816844940186e-02,-2.730900235474109650e-02,-1.599874719977378845e-02,5.627004895359277725e-03,6.750429980456829071e-03,2.111033163964748383e-02,-6.504936609417200089e-03,-2.014396945014595985e-03,1.271648146212100983e-02,6.477515678852796555e-03,4.256623610854148865e-02,1.971038617193698883e-02,-9.047581255435943604e-02,-1.035840734839439392e-01,-1.811788529157638550e-01,-2.116876989603042603e-01,-2.355622798204421997e-01,-2.052478492259979248e-01,-2.085182666778564453e-01,-2.025786936283111572e-01,-1.548653692007064819e-01,-1.088225170969963074e-01,-3.556352481245994568e-02,-3.024422377347946167e-02,-3.146877512335777283e-02,0.000000000000000000e+00,0.000000000000000000e+00,0.000000000000000000e+00,0.000000000000000000e+00
3.354744613170623779e-02,3.286401927471160889e-02,3.484211489558219910e-02,5.295581743121147156e-02,3.671807050704956055e-02,2.361337654292583466e-02,3.603705018758773804e-02,4.196968674659729004e-02,2.121446095407009125e-02,2.763169072568416595e-02,9.570025838911533356e-03,2.050775103271007538e-02,-1.187665294855833054e-02,-1.486438605934381485e-02,-7.579602766782045364e-03,-3.666447475552558899e-02,-2.462828718125820160e-02,-1.498743705451488495e-02,1.585436519235372543e-03,1.827533356845378876e-02,1.300320215523242950e-02,1.500948704779148102e-02,-5.209720111452043056e-04,-1.367474999278783798e-02,-4.071032628417015076e-03,1.916798949241638184e-02,4.142919182777404785e-02,3.665298596024513245e-02,0.000000000000000000e+00,0.000000000000000000e+00,0.000000000000000000e+00,0.000000000000000000e+00
1.496287155896425247e-02,1.586222834885120392e-02,1.660459674894809723e-02,2.288054116070270538e-02,2.378083392977714539e-02,1.214201655238866806e-02,1.705094799399375916e-02,1.529452390968799591e-02,2.003071270883083344e-02,-4.440707620233297348e-03,-4.077158123254776001e-02,-1.045961454510688782e-01,-1.152304783463478088e-01,-4.712850600481033325e-02,6.435298174619674683e-02,1.760948300361633301e-01,1.504111438989639282e-01,7.357407361268997192e-02,1.033174898475408554e-02,-7.863327860832214355e-03,-2.100177295506000519e-02,-1.740777119994163513e-02,-9.213590994477272034e-03,-2.494101040065288544e-02,-1.767510734498500824e-02,1.488759368658065796e-02,3.338709473609924316e-03,7.247886620461940765e-03,0.000000000000000000e+00,0.000000000000000000e+00,0.000000000000000000e+00,0.000000000000000000e+00
-1.391504425555467606e-02,-1.343449670821428299e-02,-6.638895720243453979e-03,1.598043553531169891e-02,8.156229741871356964e-03,2.569044940173625946e-03,1.942310668528079987e-02,1.274773012846708298e-02,5.881971213966608047e-03,1.756067737005650997e-03,-1.496475748717784882e-02,-3.362335264682769775e-02,-3.708405420184135437e-02,-8.951306343078613281e-03,-1.591466180980205536e-02,-3.560101147741079330e-03,5.293998867273330688e-03,-1.243978925049304962e-02,-1.687423326075077057e-02,-1.815602445276454091e-04,5.092360544949769974e-03,7.110667414963245392e-03,-4.955183714628219604e-03,-1.062725018709897995e-02,-9.721137583255767822e-03,-1.101842732168734074e-03,-6.403412669897079468e-03,-1.052695419639348984e-02,0.000000000000000000e+00,0.000000000000000000e+00,0.000000000000000000e+00,0.000000000000000000e+00
-3.954880312085151672e-02,-3.769487515091896057e-02,-3.671892359852790833e-02,-4.066085815429687500e-02,-2.134134620428085327e-02,-6.352410651743412018e-03,-8.412094786763191223e-03,3.011931432411074638e-03,5.604129401035606861e-04,1.547154039144515991e-02,4.851542785763740540e-02,6.957949697971343994e-02,2.515936456620693207e-02,-1.039220914244651794e-01,-1.621752381324768066e-01,-1.243873238563537598e-01,-5.422909930348396301e-02,-5.370675586163997650e-03,7.601732388138771057e-03,-8.464297279715538025e-03,-1.045693922787904739e-02,-2.093570120632648468e-02,-3.431494534015655518e-02,-1.849162578582763672e-02,-1.741186901926994324e-02,-2.954117581248283386e-02,-3.166396170854568481e-02,-3.400086611509323120e-02,0.000000000000000000e+00,0.000000000000000000e+00,0.000000000000000000e+00,0.000000000000000000e+00
3.216039016842842102e-02,3.101745247840881348e-02,2.733841538429260254e-02,1.552494522184133530e-02,9.748540469445288181e-04,-8.873488754034042358e-03,-2.702890895307064056e-02,-3.411324322223663330e-02,-3.314192593097686768e-02,-9.217885322868824005e-03,2.523730322718620300e-02,5.527878552675247192e-02,2.624315582215785980e-02,-4.696739464998245239e-02,-1.041194796562194824e-01,-1.140447631478309631e-01,-9.030264616012573242e-02,-5.261876061558723450e-02,-1.964216865599155426e-02,-1.055768784135580063e-02,7.420551497489213943e-03,7.508926093578338623e-03,2.071413397789001465e-02,3.441673517227172852e-02,3.797630593180656433e-02,1.855747774243354797e-02,3.390073031187057495e-02,3.388087451457977295e-02,0.000000000000000000e+00,0.000000000000000000e+00,0.000000000000000000e+00,0.000000000000000000e+00
6.403151899576187134e-02,5.798633769154548645e-02,4.235772415995597839e-02,2.522861957550048828e-02,-2.012537792325019836e-02,-2.630715072154998779e-02,-2.678570570424199104e-03,-1.309473253786563873e-02,1.201885868795216084e-03,-1.990793831646442413e-02,-4.782476462423801422e-03,4.277557600289583206e-03,-3.400340303778648376e-02,-8.050985634326934814e-02,-7.818835228681564331e-02,-6.723674386739730835e-02,-8.705204725265502930e-02,-5.816337466239929199e-02,-3.634216263890266418e-02,-1.123710535466670990e-02,8.238885202445089817e-04,9.802273474633693695e-03,3.017034009099006653e-02,1.090362784452736378e-03,-2.240956947207450867e-02,1.224067993462085724e-02,4.304765537381172180e-02,5.837411060929298401e-02,0.000000000000000000e+00,0.000000000000000000e+00,0.000000000000000000e+00,0.000000000000000000e+00
5.222326889634132385e-02,5.126727372407913208e-02,4.918409883975982666e-02,3.924996033310890198e-02,1.770952343940734863e-02,-3.968046978116035461e-03,-2.786970697343349457e-02,-2.843798510730266571e-02,-1.622082479298114777e-02,-2.073580585420131683e-02,-9.227710776031017303e-03,-1.405368745326995850e-02,-4.497286304831504822e-02,-2.710138075053691864e-02,-1.044547464698553085e-02,-3.088148869574069977e-02,-3.722849860787391663e-02,-5.954820662736892700e-02,-4.970898106694221497e-02,-2.842687629163265228e-02,-3.218235448002815247e-02,-1.685778424143791199e-02,-1.075613405555486679e-02,-1.338120200671255589e-03,1.570413820445537567e-02,3.346629440784454346e-02,4.953127354383468628e-02,5.263834819197654724e-02,0.000000000000000000e+00,0.000000000000000000e+00,0.000000000000000000e+00,0.000000000000000000e+00
3.201409429311752319e-02,3.245429322123527527e-02,3.417774289846420288e-02,2.812866680324077606e-02,3.506388142704963684e-02,1.739931479096412659e-02,-1.037671975791454315e-02,-1.531073264777660370e-02,-2.189482003450393677e-02,-4.659542068839073181e-02,-5.657242983579635620e-02,-4.502744600176811218e-02,-3.154649958014488220e-02,2.293218858540058136e-02,4.205074533820152283e-02,1.097993832081556320e-02,-1.430940162390470505e-02,-3.100082837045192719e-02,-8.445288985967636108e-03,-2.420065551996231079e-02,-2.271952107548713684e-02,-1.348388905171304941e-04,-5.790142808109521866e-03,5.583215504884719849e-03,1.646884344518184662e-02,2.739960700273513794e-02,3.569294139742851257e-02,3.517092764377593994e-02,0.000000000000000000e+00,0.000000000000000000e+00,0.000000000000000000e+00,0.000000000000000000e+00
3.386224433779716492e-02,3.523452579975128174e-02,3.619933873414993286e-02,3.238493576645851135e-02,3.453742340207099915e-02,3.288853168487548828e-02,2.286632359027862549e-02,7.574314717203378677e-03,-8.213770575821399689e-03,-2.343180030584335327e-02,-3.216348215937614441e-02,-3.000708669424057007e-02,-4.530631005764007568e-02,-5.248964205384254456e-02,-4.803167283535003662e-02,-5.871300771832466125e-02,-4.508659988641738892e-02,-2.948714233934879303e-02,-1.547768618911504745e-02,-1.926856860518455505e-02,-1.496723759919404984e-02,-8.019232191145420074e-03,2.142334822565317154e-03,2.010876871645450592e-02,2.872566133737564087e-02,3.243665769696235657e-02,3.667574748396873474e-02,3.572512045502662659e-02,0.000000000000000000e+00,0.000000000000000000e+00,0.000000000000000000e+00,0.000000000000000000e+00
-7.350164931267499924e-03,-6.857330910861492157e-03,-3.387339413166046143e-03,5.307416358846239746e-05,-8.714710362255573273e-03,-1.713241077959537506e-02,-2.539631724357604980e-02,-2.324471622705459595e-02,-1.884243637323379517e-02,-2.994838170707225800e-02,4.902198445051908493e-03,4.980820417404174805e-02,5.915628746151924133e-02,5.523294955492019653e-02,-6.204645149409770966e-03,-3.882700111716985703e-03,-1.731668040156364441e-02,-4.101489484310150146e-02,-4.012306407094001770e-02,-3.421933203935623169e-02,-6.228254060260951519e-04,4.039417579770088196e-02,1.778278127312660217e-02,1.028793514706194401e-03,2.191978320479393005e-02,2.209309116005897522e-02,1.441689021885395050e-02,-5.322334473021328449e-04,0.000000000000000000e+00,0.000000000000000000e+00,0.000000000000000000e+00,0.000000000000000000e+00
-2.676712349057197571e-03,3.165148198604583740e-03,7.869563996791839600e-03,-5.542407743632793427e-03,3.730809083208441734e-03,2.144398726522922516e-02,1.022288948297500610e-02,1.469771470874547958e-02,5.562748759984970093e-03,-1.136348117142915726e-02,-3.606630116701126099e-02,-4.986891523003578186e-02,-1.829612441360950470e-02,1.380679104477167130e-02,1.005525588989257812e-01,1.665373742580413818e-01,9.880168735980987549e-02,2.503874152898788452e-02,5.414144136011600494e-03,1.979994587600231171e-02,4.505606368184089661e-02,9.379839897155761719e-02,4.985652491450309753e-02,4.371406510472297668e-02,6.449516117572784424e-02,2.590874210000038147e-02,2.005979418754577637e-02,3.803740721195936203e-03,0.000000000000000000e+00,0.000000000000000000e+00,0.000000000000000000e+00,0.000000000000000000e+00
-1.167794689536094666e-02,-9.388777427375316620e-03,-2.764572156593203545e-03,-7.707342156209051609e-04,8.797175250947475433e-03,1.313251443207263947e-02,1.783695444464683533e-02,1.513768453150987625e-02,1.350066717714071274e-02,2.041631005704402924e-02,2.814712189137935638e-02,1.646911352872848511e-02,3.623217344284057617e-02,6.265050172805786133e-02,5.920526012778282166e-02,1.917194016277790070e-02,3.401153907179832458e-02,1.429028715938329697e-02,1.814890094101428986e-02,-4.380130209028720856e-03,-3.881599695887416601e-04,3.298553347121924162e-04,8.621421642601490021e-03,8.572790538892149925e-04,-4.702772945165634155e-03,3.322126343846321106e-03,-5.588293541222810745e-03,-1.050512678921222687e-02,0.000000000000000000e+00,0.000000000000000000e+00,0.000000000000000000e+00,0.000000000000000000e+00
8.637207560241222382e-03,2.025785297155380249e-02,-3.972091246396303177e-03,-1.508011948317289352e-02,-1.297649089246988297e-02,-2.841909416019916534e-03,5.063515156507492065e-03,7.463381625711917877e-03,-2.731560543179512024e-02,-2.808711864054203033e-02,-1.579147018492221832e-02,-3.423795476555824280e-02,-5.178180336952209473e-02,-2.986511029303073883e-02,-3.022797778248786926e-02,8.782818168401718140e-02,1.268235594034194946e-01,5.961072444915771484e-02,-4.839468374848365784e-02,-6.018440052866935730e-02,-3.781579807400703430e-02,-4.544142633676528931e-02,-2.704229950904846191e-02,-3.922872990369796753e-02,-2.440053597092628479e-02,-7.227401714771986008e-03,-4.442958626896142960e-03,6.724634207785129547e-03,0.000000000000000000e+00,0.000000000000000000e+00,0.000000000000000000e+00,0.000000000000000000e+00
-5.862786900252103806e-03,-1.695603830739855766e-03,-1.410135533660650253e-03,-6.995506584644317627e-03,-7.867597974836826324e-03,-2.545380033552646637e-02,-5.688379704952239990e-02,-7.878943532705307007e-02,-9.153310209512710571e-02,-6.632091850042343140e-02,-8.998618461191654205e-03,5.256616324186325073e-02,5.852806568145751953e-02,1.937797665596008301e-02,5.606103688478469849e-03,-1.866716629592701793e-04,2.440844662487506866e-02,3.122038953006267548e-02,3.544542938470840454e-02,2.780913375318050385e-02,5.928117781877517700e-03,-1.041976828128099442e-02,-1.950969919562339783e-02,6.017604377120733261e-03,1.420659665018320084e-02,-9.280094527639448643e-04,-8.041341789066791534e-03,-5.793485324829816818e-03,0.000000000000000000e+00,0.000000000000000000e+00,0.000000000000000000e+00,0.000000000000000000e+00
-6.716306507587432861e-02,-6.128770485520362854e-02,-5.014764517545700073e-02,-5.081874504685401917e-02,-8.770674467086791992e-03,8.684908039867877960e-03,-3.712520236149430275e-03,2.503114985302090645e-03,1.478752400726079941e-02,6.757813692092895508e-02,1.077105775475502014e-01,7.596033811569213867e-02,-3.753723809495568275e-03,-8.888744562864303589e-02,-6.425903737545013428e-02,-2.987703308463096619e-02,-3.941335156559944153e-02,3.687357529997825623e-04,9.671593084931373596e-03,7.259550970047712326e-03,4.430818371474742889e-03,-1.168664917349815369e-02,-1.520312391221523285e-02,-7.220713421702384949e-03,-2.135138586163520813e-02,-4.071052744984626770e-02,-6.411425024271011353e-02,-6.488773971796035767e-02,0.000000000000000000e+00,0.000000000000000000e+00,0.000000000000000000e+00,0.000000000000000000e+00
-2.610413357615470886e-02,-2.326171100139617920e-02,-1.420373097062110901e-02,-9.646805003285408020e-03,-1.391229499131441116e-02,1.980417221784591675e-02,2.199749648571014404e-02,2.968026511371135712e-02,7.030616048723459244e-03,2.320492267608642578e-02,4.873007535934448242e-03,-3.496293723583221436e-02,-5.839980021119117737e-02,-7.690341025590896606e-02,1.730213407427072525e-03,3.886498510837554932e-02,4.610333964228630066e-02,4.257380217313766479e-02,1.701112464070320129e-02,3.536403924226760864e-02,1.986213028430938721e-02,3.108167275786399841e-02,-3.630228457041084766e-04,2.003430947661399841e-02,1.527382340282201767e-02,-5.178578663617372513e-03,-5.112888291478157043e-03,-9.090551175177097321e-03,0.000000000000000000e+00,0.000000000000000000e+00,0.000000000000000000e+00,0.000000000000000000e+00
-4.576809704303741455e-02,-4.637346044182777405e-02,-4.545758664608001709e-02,-3.474725037813186646e-02,-4.250351339578628540e-02,-4.408571124076843262e-02,-2.565539442002773285e-02,-1.637918315827846527e-02,-2.140597207471728325e-03,1.831761002540588379e-02,2.505211718380451202e-02,1.727217994630336761e-02,2.537187002599239349e-02,4.099166393280029297e-02,4.112815111875534058e-02,4.555540531873703003e-02,3.887590393424034119e-02,3.428495302796363831e-02,1.051519066095352173e-02,8.433833718299865723e-03,-1.845214283093810081e-03,-1.250815205276012421e-02,-1.524012722074985504e-02,-1.870535686612129211e-02,-2.900039777159690857e-02,-3.500885143876075745e-02,-4.665365815162658691e-02,-4.767284169793128967e-02,0.000000000000000000e+00,0.000000000000000000e+00,0.000000000000000000e+00,0.000000000000000000e+00
4.385450482368469238e-02,4.247716441750526428e-02,4.186373203992843628e-02,4.060490801930427551e-02,2.023547329008579254e-02,-1.137739527621306479e-04,-1.064229663461446762e-02,3.135537263005971909e-03,3.412996605038642883e-02,6.747864931821823120e-02,7.831794768571853638e-02,8.249355852603912354e-02,9.165108948945999146e-02,6.837818771600723267e-02,2.406323887407779694e-02,2.325341291725635529e-02,3.994647413492202759e-02,5.265596136450767517e-02,3.531641513109207153e-02,3.926040977239608765e-02,3.045084141194820404e-02,1.904160156846046448e-02,1.169404201209545135e-02,-6.180239841341972351e-03,8.348850533366203308e-03,3.141015768051147461e-02,3.985119611024856567e-02,4.156483337283134460e-02,0.000000000000000000e+00,0.000000000000000000e+00,0.000000000000000000e+00,0.000000000000000000e+00
2.478002756834030151e-02,2.409429661929607391e-02,2.661308459937572479e-02,4.428520798683166504e-02,3.363343700766563416e-02,1.003557071089744568e-02,7.812778465449810028e-03,6.984652951359748840e-03,-1.005680114030838013e-02,-7.582199759781360626e-03,-7.998771965503692627e-03,1.101128291338682175e-03,2.118583768606185913e-02,3.785119578242301941e-02,3.129764646291732788e-02,2.207907661795616150e-02,-2.242865739390254021e-03,1.232994999736547470e-02,-1.023809704929590225e-02,-8.597796782851219177e-03,-1.495990250259637833e-02,-1.033486519008874893e-02,-4.243365954607725143e-03,9.737945161759853363e-03,1.755357347428798676e-02,2.617319859564304352e-02,2.350269816815853119e-02,2.324813045561313629e-02,0.000000000000000000e+00,0.000000000000000000e+00,0.000000000000000000e+00,0.000000000000000000e+00
-4.175374656915664673e-02,-3.738711774349212646e-02,-2.886008471250534058e-02,-2.251623198390007019e-02,7.775393780320882797e-03,1.262189447879791260e-02,1.339715719223022461e-02,9.887322783470153809e-03,1.197316963225603104e-02,1.252814941108226776e-02,2.503255568444728851e-02,1.390213333070278168e-02,2.039081230759620667e-02,7.859615609049797058e-03,-1.353957969695329666e-02,-1.054721791297197342e-02,4.023421555757522583e-03,7.112632505595684052e-03,2.378671243786811829e-02,2.215648069977760315e-02,3.202845901250839233e-02,2.684029005467891693e-02,2.505165152251720428e-02,1.621309784241020679e-03,-5.568507593125104904e-03,-1.747185923159122467e-02,-3.360537067055702209e-02,-3.974725678563117981e-02,0.000000000000000000e+00,0.000000000000000000e+00,0.000000000000000000e+00,0.000000000000000000e+00
-3.584168478846549988e-02,-3.413688763976097107e-02,-3.269697353243827820e-02,-3.881911560893058777e-02,-1.275184378027915955e-02,1.004598010331392288e-02,1.604001596570014954e-02,2.319597266614437103e-02,1.525887846946716309e-02,4.511781036853790283e-03,1.953228347701951861e-04,1.395382080227136612e-02,8.177203126251697540e-03,-1.845843344926834106e-02,-4.428551346063613892e-02,-3.268364816904067993e-02,-1.442151376977562904e-03,-1.250610500574111938e-02,3.265855368226766586e-03,8.970817551016807556e-03,9.247627109289169312e-03,3.195752855390310287e-03,-4.549121949821710587e-03,5.810452159494161606e-03,5.037392955273389816e-03,-1.269081700593233109e-02,-2.091116458177566528e-02,-3.022060543298721313e-02,0.000000000000000000e+00,0.000000000000000000e+00,0.000000000000000000e+00,0.000000000000000000e+00
-2.064226008951663971e-02,-1.757849939167499542e-02,-1.488192100077867508e-02,-2.323995530605316162e-02,1.381790265440940857e-03,1.404037419706583023e-02,2.207580208778381348e-02,2.878868766129016876e-02,2.034610323607921600e-02,1.909529976546764374e-02,1.869170367717742920e-02,2.541662380099296570e-02,-1.649957522749900818e-02,-9.079406410455703735e-02,-1.005144119262695312e-01,-4.317178577184677124e-02,3.375418484210968018e-02,4.736895486712455750e-02,3.172747790813446045e-02,-4.512524232268333435e-03,-3.204028587788343430e-03,-1.403022557497024536e-02,-3.076028451323509216e-02,-3.394653275609016418e-02,-1.892861537635326385e-02,-9.633022360503673553e-03,-1.069454289972782135e-02,-1.511994842439889908e-02,0.000000000000000000e+00,0.000000000000000000e+00,0.000000000000000000e+00,0.000000000000000000e+00
-1.189888361841440201e-02,-7.111116312444210052e-03,-5.418486427515745163e-03,-1.089902222156524658e-02,-9.997311979532241821e-03,1.985537819564342499e-02,1.721166819334030151e-02,2.444867044687271118e-02,1.567071303725242615e-02,1.235720119439065456e-03,-5.090406164526939392e-02,-5.837224051356315613e-02,-7.941678166389465332e-02,-5.836661159992218018e-02,-3.559068962931632996e-02,7.754382491111755371e-02,5.376346409320831299e-02,1.399292517453432083e-02,-4.433746635913848877e-02,-4.978178441524505615e-02,-2.784181199967861176e-02,-6.441372912377119064e-03,-7.700899150222539902e-03,3.359813708811998367e-03,-1.357090380042791367e-02,-1.016193348914384842e-02,-2.775712311267852783e-02,-1.478972099721431732e-02,0.000000000000000000e+00,0.000000000000000000e+00,0.000000000000000000e+00,0.000000000000000000e+00
6.860335916280746460e-02,6.827349215745925903e-02,6.566996872425079346e-02,6.899698823690414429e-02,5.640758946537971497e-02,4.396917298436164856e-02,6.210227683186531067e-02,7.237517088651657104e-02,5.182612687349319458e-02,4.363663122057914734e-02,6.982550770044326782e-02,1.615738719701766968e-01,2.297489941120147705e-01,2.001232504844665527e-01,1.116789132356643677e-01,4.597835242748260498e-02,-2.239205501973628998e-02,1.118415500968694687e-02,4.283922258764505386e-03,-9.839991107583045959e-03,-1.293156202882528305e-02,6.632627453655004501e-03,3.375571593642234802e-02,3.020234778523445129e-02,4.922852292656898499e-02,5.652012303471565247e-02,5.878088623285293579e-02,6.420446932315826416e-02,0.000000000000000000e+00,0.000000000000000000e+00,0.000000000000000000e+00,0.000000000000000000e+00
7.754345238208770752e-02,7.519882172346115112e-02,5.656430497765541077e-02,5.801462754607200623e-02,-4.570858925580978394e-02,-1.013095825910568237e-01,-1.081132888793945312e-01,-1.017885953187942505e-01,-1.350129842758178711e-01,-1.269485503435134888e-01,-1.638255417346954346e-01,-1.791387051343917847e-01,-1.381507217884063721e-01,-8.176579326391220093e-02,-9.318330325186252594e-03,4.793503880500793457e-02,7.157882209867238998e-03,1.320789847522974014e-02,-2.017108257859945297e-03,-7.102497387677431107e-03,-1.689107716083526611e-02,-3.841762617230415344e-02,-3.483983874320983887e-02,-4.819304123520851135e-02,-5.011084955185651779e-03,3.933903574943542480e-02,7.388706505298614502e-02,7.118535786867141724e-02,0.000000000000000000e+00,0.000000000000000000e+00,0.000000000000000000e+00,0.000000000000000000e+00
-1.323916949331760406e-02,-1.365949865430593491e-02,-9.439946152269840240e-03,-1.283089909702539444e-02,3.728517796844244003e-03,8.672245778143405914e-03,1.418447308242321014e-02,1.860907115042209625e-02,2.598253823816776276e-02,1.385241560637950897e-02,-8.013038896024227142e-04,-1.550409849733114243e-02,-1.310031581670045853e-02,2.788305282592773438e-02,2.946443855762481689e-02,2.261385880410671234e-02,3.827732801437377930e-02,5.133529007434844971e-02,2.161801420152187347e-02,-1.263996586203575134e-02,-3.565248101949691772e-02,-5.478930845856666565e-02,-4.971381649374961853e-02,-4.699429497122764587e-02,-2.725122869014739990e-02,-1.665439573116600513e-03,-8.411832153797149658e-03,-1.444550883024930954e-02,0.000000000000000000e+00,0.000000000000000000e+00,0.000000000000000000e+00,0.000000000000000000e+00
-1.978088729083538055e-02,-1.677847467362880707e-02,-1.246243529021739960e-02,-1.515308395028114319e-03,7.546669244766235352e-02,1.206903234124183655e-01,1.210648268461227417e-01,1.098089367151260376e-01,1.517865061759948730e-01,1.954340934753417969e-01,2.019912153482437134e-01,2.146169692277908325e-01,2.091353386640548706e-01,1.904028207063674927e-01,1.812369823455810547e-01,1.102605238556861877e-01,2.098250575363636017e-02,2.499968931078910828e-02,2.764423005282878876e-02,1.945677958428859711e-02,-1.169333420693874359e-02,-8.678207173943519592e-03,2.597267040982842445e-03,2.426039986312389374e-02,2.485386561602354050e-03,-9.229790419340133667e-03,-2.083799615502357483e-02,-2.417561598122119904e-02,0.000000000000000000e+00,0.000000000000000000e+00,0.000000000000000000e+00,0.000000000000000000e+00
1.296419464051723480e-02,1.494068000465631485e-02,1.692068949341773987e-02,4.147072508931159973e-02,4.890789464116096497e-02,2.780804410576820374e-02,2.718065399676561356e-03,1.774395816028118134e-03,3.605893999338150024e-02,1.130353882908821106e-01,1.681032329797744751e-01,1.825295835733413696e-01,1.683534979820251465e-01,1.334757953882217407e-01,9.766527265310287476e-02,1.272846758365631104e-01,1.511659473180770874e-01,1.806965470314025879e-01,1.435722261667251587e-01,8.919855207204818726e-02,7.384908944368362427e-02,5.243888124823570251e-02,3.466391935944557190e-02,1.082787662744522095e-02,7.414345163851976395e-03,1.400238554924726486e-02,2.618410391733050346e-03,5.838971119374036789e-03,0.000000000000000000e+00,0.000000000000000000e+00,0.000000000000000000e+00,0.000000000000000000e+00
2.166270464658737183e-02,2.028373815119266510e-02,1.794528961181640625e-02,1.039318833500146866e-02,-1.220611203461885452e-02,-2.981977164745330811e-02,-4.361244663596153259e-02,-5.727761238813400269e-02,-3.856868669390678406e-02,-2.197004668414592743e-02,1.127295009791851044e-02,-7.124356925487518311e-03,-5.404857918620109558e-02,-4.650147631764411926e-02,-2.274712547659873962e-02,2.157264947891235352e-02,5.063398927450180054e-02,-1.125637427321635187e-04,-5.117741227149963379e-02,-1.147928461432456970e-01,-1.221106722950935364e-01,-8.148442953824996948e-02,-7.770056277513504028e-02,-5.751065164804458618e-02,-1.640795357525348663e-02,1.996116945520043373e-03,2.340845577418804169e-02,2.489463426172733307e-02,0.000000000000000000e+00,0.000000000000000000e+00,0.000000000000000000e+00,0.000000000000000000e+00
-4.907238855957984924e-02,-4.401816055178642273e-02,-3.090561926364898682e-02,-1.559966523200273514e-02,1.408275682479143143e-02,4.673760756850242615e-02,6.946085393428802490e-02,7.103679329156875610e-02,8.543906360864639282e-02,8.811109513044357300e-02,9.954814612865447998e-02,7.389066368341445923e-02,2.914355322718620300e-02,-1.740328967571258545e-02,-3.926021605730056763e-02,-1.612067408859729767e-02,4.314161837100982666e-02,4.392922669649124146e-02,4.382614418864250183e-02,2.978945709764957428e-02,2.606431581079959869e-02,1.066597271710634232e-02,7.965864613652229309e-03,1.695784181356430054e-02,2.111786231398582458e-02,-1.351449871435761452e-03,-4.355053976178169250e-02,-4.575888440012931824e-02,0.000000000000000000e+00,0.000000000000000000e+00,0.000000000000000000e+00,0.000000000000000000e+00
-6.108950451016426086e-02,-5.990393459796905518e-02,-5.154959112405776978e-02,-3.991783410310745239e-02,-2.205229923129081726e-02,-2.672192640602588654e-03,1.565375179052352905e-02,2.092595957219600677e-02,3.228385001420974731e-03,-1.812533847987651825e-02,-1.422671228647232056e-02,6.019382271915674210e-03,3.443117067217826843e-02,7.450082153081893921e-02,6.507311761379241943e-02,3.247184678912162781e-02,2.843947336077690125e-02,-5.409130826592445374e-03,-2.666926756501197815e-02,-4.242368414998054504e-02,-4.059055075049400330e-02,-2.816624566912651062e-02,-4.275795817375183105e-02,-4.062171652913093567e-02,-4.814073443412780762e-02,-3.952874615788459778e-02,-6.329236924648284912e-02,-6.274582445621490479e-02,0.000000000000000000e+00,0.000000000000000000e+00,0.000000000000000000e+00,0.000000000000000000e+00
-1.833556964993476868e-02,-2.174833416938781738e-02,-3.157179430127143860e-02,-5.904841795563697815e-02,-5.096060037612915039e-02,-3.197045996785163879e-02,-3.840196132659912109e-02,-4.254193603992462158e-02,-3.697584196925163269e-02,-2.133365347981452942e-02,7.670278195291757584e-03,2.581905014812946320e-02,6.173859909176826477e-02,4.180487617850303650e-02,2.924267016351222992e-02,9.202969260513782501e-03,-2.208903618156909943e-02,-3.653067350387573242e-02,-2.201397530734539032e-02,-1.827731728553771973e-02,-1.973731257021427155e-02,-2.900072000920772552e-02,-2.050783671438694000e-02,-2.432951703667640686e-02,-3.204876929521560669e-02,-4.484929144382476807e-02,-2.246095985174179077e-02,-1.911324821412563324e-02,0.000000000000000000e+00,0.000000000000000000e+00,0.000000000000000000e+00,0.000000000000000000e+00
-2.143791317939758301e-02,-2.295089140534400940e-02,-2.831410430371761322e-02,-4.753312468528747559e-02,-5.527194216847419739e-02,-5.543058738112449646e-02,-6.870154291391372681e-02,-6.108594685792922974e-02,-3.125453367829322815e-02,-2.255845256149768829e-02,-9.532933123409748077e-03,4.925357643514871597e-03,2.077421545982360840e-02,1.083157863467931747e-02,-2.784598805010318756e-02,-2.994054369628429413e-02,-6.357894744724035263e-03,-7.152272388339042664e-03,1.606068946421146393e-02,2.320617251098155975e-02,-1.388417673297226429e-03,-1.751274056732654572e-02,-3.272111341357231140e-02,-5.114150792360305786e-02,-4.689437896013259888e-02,-3.997144848108291626e-02,-2.422388643026351929e-02,-2.195936627686023712e-02,0.000000000000000000e+00,0.000000000000000000e+00,0.000000000000000000e+00,0.000000000000000000e+00
-3.132993355393409729e-02,-2.138105779886245728e-02,-1.558864023536443710e-02,1.277351868338882923e-03,3.683757036924362183e-03,-6.659078411757946014e-03,-2.230819314718246460e-02,-5.739995744079351425e-03,-1.062716078013181686e-02,-5.537929013371467590e-03,1.331839989870786667e-02,6.491218693554401398e-03,3.179293125867843628e-02,5.490833148360252380e-02,7.366456091403961182e-02,9.395960718393325806e-02,7.678220421075820923e-02,1.557555608451366425e-02,9.187267161905765533e-03,2.497353032231330872e-02,2.774769067764282227e-02,2.598992735147476196e-02,2.036851085722446442e-02,2.721655741333961487e-02,5.526000168174505234e-03,7.008343935012817383e-03,-2.171326801180839539e-02,-2.251614071428775787e-02,0.000000000000000000e+00,0.000000000000000000e+00,0.000000000000000000e+00,0.000000000000000000e+00
2.825100161135196686e-02,2.963987737894058228e-02,2.956190519034862518e-02,2.650428377091884613e-02,4.574219509959220886e-02,3.884944692254066467e-02,2.364497445523738861e-02,2.574334107339382172e-02,1.869524084031581879e-02,8.569704368710517883e-03,3.875222429633140564e-02,3.894576802849769592e-02,3.584900498390197754e-02,5.114294961094856262e-02,1.160736158490180969e-01,1.789522916078567505e-01,1.879693716764450073e-01,1.343934386968612671e-01,7.826770097017288208e-02,8.799741044640541077e-03,2.451945794746279716e-03,-5.097973160445690155e-03,-3.089237771928310394e-02,-2.849894203245639801e-02,-1.578884944319725037e-02,1.574299670755863190e-02,2.339384518563747406e-02,2.922064065933227539e-02,0.000000000000000000e+00,0.000000000000000000e+00,0.000000000000000000e+00,0.000000000000000000e+00
1.045348681509494781e-02,1.030612643808126450e-02,1.053058262914419174e-02,2.916231751441955566e-02,3.759757429361343384e-02,6.992106884717941284e-02,1.019884273409843445e-01,1.257649213075637817e-01,1.209262758493423462e-01,8.823018521070480347e-02,4.370241984724998474e-02,6.784508936107158661e-03,5.482077226042747498e-02,1.341006010770797729e-01,1.907315105199813843e-01,1.631250530481338501e-01,7.636824250221252441e-02,1.698139938525855541e-03,1.938479021191596985e-02,4.433954134583473206e-02,6.752085685729980469e-02,9.144411981105804443e-02,7.634326815605163574e-02,4.886009916663169861e-02,4.185268655419349670e-02,2.021360956132411957e-02,4.474441520869731903e-03,1.286761648952960968e-02,0.000000000000000000e+00,0.000000000000000000e+00,0.000000000000000000e+00,0.000000000000000000e+00
1.908798143267631531e-02,1.879544742405414581e-02,1.969833672046661377e-02,3.891904652118682861e-02,2.499307878315448761e-02,-2.708682557567954063e-03,6.223699543625116348e-03,3.538192249834537506e-03,1.144861686043441296e-03,1.438070787116885185e-03,1.402271352708339691e-02,2.703379280865192413e-02,9.442634182050824165e-04,-5.746077001094818115e-02,-1.077554151415824890e-01,-6.592124700546264648e-02,-1.904120109975337982e-02,2.439908450469374657e-03,3.700074926018714905e-02,6.940945982933044434e-02,7.649891078472137451e-02,6.520976126194000244e-02,4.049246385693550110e-02,3.653860464692115784e-02,3.225537389516830444e-02,3.929915651679039001e-02,1.744128949940204620e-02,1.527364365756511688e-02,0.000000000000000000e+00,0.000000000000000000e+00,0.000000000000000000e+00,0.000000000000000000e+00
-4.440426081418991089e-02,-4.431630298495292664e-02,-3.978998959064483643e-02,-4.396937787532806396e-02,-3.725310415029525757e-02,-1.909158006310462952e-02,-7.172509562224149704e-03,3.469231352210044861e-02,4.431917518377304077e-02,4.882889240980148315e-02,7.129526883363723755e-02,1.030363664031028748e-01,1.561983525753021240e-01,1.743244975805282593e-01,4.909852892160415649e-02,-7.565860450267791748e-02,-1.279058903455734253e-01,-9.653478115797042847e-02,-9.969670325517654419e-02,-6.765961647033691406e-02,-6.721428781747817993e-02,-5.601966753602027893e-02,-7.087932527065277100e-02,-4.907845333218574524e-02,-4.673311859369277954e-02,-4.135847091674804688e-02,-5.088844522833824158e-02,-4.450180009007453918e-02,0.000000000000000000e+00,0.000000000000000000e+00,0.000000000000000000e+00,0.000000000000000000e+00
-4.996474459767341614e-02,-4.519968479871749878e-02,-5.065421760082244873e-02,-4.647786170244216919e-02,-2.345174178481101990e-02,-2.131486125290393829e-02,1.314106956124305725e-02,2.061178907752037048e-02,-2.366058761253952980e-03,1.355744060128927231e-02,6.243470124900341034e-03,-3.621396142989397049e-03,1.676560193300247192e-02,-1.096337917260825634e-03,2.288243360817432404e-02,3.697090595960617065e-02,9.373560547828674316e-03,-4.696791991591453552e-02,-9.931964427232742310e-02,-9.608517587184906006e-02,-1.368902809917926788e-02,2.624302729964256287e-02,4.380846396088600159e-02,4.127091541886329651e-02,1.547351200133562088e-02,-2.157368697226047516e-02,-3.756473213434219360e-02,-4.629177227616310120e-02,0.000000000000000000e+00,0.000000000000000000e+00,0.000000000000000000e+00,0.000000000000000000e+00
-4.569367039948701859e-03,-5.656467750668525696e-03,-1.059384364634752274e-02,-2.168098650872707367e-02,-3.305432945489883423e-02,-4.365885257720947266e-02,-4.278721660375595093e-02,-2.465241216123104095e-02,-2.669734321534633636e-02,-2.702917344868183136e-02,-4.335392639040946960e-02,-3.578925505280494690e-02,-3.468375653028488159e-02,-7.934243977069854736e-02,-5.890124663710594177e-02,1.055487617850303650e-02,6.092568859457969666e-02,1.231525912880897522e-01,1.160387471318244934e-01,9.083341062068939209e-02,5.769157782196998596e-02,4.041431099176406860e-02,2.990338765084743500e-02,3.192776441574096680e-02,1.790974289178848267e-02,-1.216804143041372299e-02,-9.871772490441799164e-03,-5.361053626984357834e-03,0.000000000000000000e+00,0.000000000000000000e+00,0.000000000000000000e+00,0.000000000000000000e+00
-2.940926514565944672e-02,-2.880951203405857086e-02,-3.194204345345497131e-02,-5.088198930025100708e-02,-2.075292356312274933e-02,1.905811950564384460e-02,3.472601994872093201e-02,2.873112820088863373e-02,3.470198810100555420e-02,2.598091773688793182e-02,2.724900841712951660e-02,3.532499249558895826e-06,-2.949171513319015503e-02,-2.949228696525096893e-02,-9.125862270593643188e-03,-1.778010837733745575e-02,-1.234094426035881042e-02,-2.478724904358386993e-02,-6.733448244631290436e-03,-2.607442811131477356e-02,-1.173149142414331436e-02,-3.267855150625109673e-03,-1.885127089917659760e-02,-3.602783381938934326e-02,-3.040138818323612213e-02,-3.466280922293663025e-02,-2.738033793866634369e-02,-2.723832242190837860e-02,0.000000000000000000e+00,0.000000000000000000e+00,0.000000000000000000e+00,0.000000000000000000e+00
-4.126784205436706543e-02,-4.007967934012413025e-02,-3.298073261976242065e-02,-2.811482734978199005e-02,-7.168973982334136963e-02,-7.806391268968582153e-02,-7.485668361186981201e-02,-8.557470142841339111e-02,-8.324497193098068237e-02,-5.871072784066200256e-02,6.297986488789319992e-03,5.953495204448699951e-02,5.355525016784667969e-02,3.749309480190277100e-02,-7.110663689672946930e-03,3.124612942337989807e-02,8.874295651912689209e-02,8.405230939388275146e-02,1.240082178264856339e-02,2.966036321595311165e-03,-1.840665005147457123e-02,-5.360133014619350433e-03,-1.276097912341356277e-02,-2.291833050549030304e-02,-2.631739899516105652e-02,-2.160060964524745941e-02,-2.952431142330169678e-02,-3.542993217706680298e-02,0.000000000000000000e+00,0.000000000000000000e+00,0.000000000000000000e+00,0.000000000000000000e+00
-2.003826573491096497e-02,-2.138656005263328552e-02,-2.637587860226631165e-02,-2.739589288830757141e-02,-1.339693646878004074e-02,-5.128896329551935196e-03,1.510426122695207596e-02,-4.561627283692359924e-03,5.084730219095945358e-03,1.462322939187288284e-02,4.274008050560951233e-02,2.627460844814777374e-02,-4.480815678834915161e-02,-9.177591651678085327e-02,-8.958160877227783203e-02,-2.100040949881076813e-02,5.110179074108600616e-03,1.052317384164780378e-04,-1.904001086950302124e-02,-3.146984055638313293e-02,-3.295022621750831604e-02,-3.334487229585647583e-02,-9.652473032474517822e-03,-9.361186996102333069e-03,-7.801070343703031540e-03,-8.509611710906028748e-03,-5.461437162011861801e-03,-1.302760001271963120e-02,0.000000000000000000e+00,0.000000000000000000e+00,0.000000000000000000e+00,0.000000000000000000e+00
-1.558165904134511948e-02,-1.256612967699766159e-02,-5.554436240345239639e-03,1.422434486448764801e-02,1.894781924784183502e-02,-1.155798882246017456e-02,-1.697201747447252274e-03,-1.802406460046768188e-02,-5.771340429782867432e-02,-2.903832867741584778e-02,-3.781450912356376648e-02,-1.145796105265617371e-02,2.561092562973499298e-02,5.739283189177513123e-02,6.107062473893165588e-02,2.237601391971111298e-02,-3.114487975835800171e-03,8.428921923041343689e-03,-1.455602236092090607e-02,-6.285445764660835266e-03,-3.679590532556176186e-03,-7.053273729979991913e-03,1.025289297103881836e-02,2.893884293735027313e-02,-4.623915534466505051e-03,4.475748632103204727e-03,-2.162593230605125427e-02,-2.090443857014179230e-02,0.000000000000000000e+00,0.000000000000000000e+00,0.000000000000000000e+00,0.000000000000000000e+00
-1.370447594672441483e-02,-1.215593796223402023e-02,-1.160676404833793640e-02,-4.445952549576759338e-02,-7.411757856607437134e-02,-1.101424694061279297e-01,-1.453222781419754028e-01,-1.792553961277008057e-01,-1.967613250017166138e-01,-2.144563794136047363e-01,-2.207719087600708008e-01,-1.639496535062789917e-01,1.729964092373847961e-02,1.640130430459976196e-01,8.934007585048675537e-02,-4.696959163993597031e-03,-1.679086312651634216e-02,-1.296662446111440659e-02,-3.904274431988596916e-03,1.314978580921888351e-02,2.374591492116451263e-02,1.700297743082046509e-02,4.447543688002042472e-06,2.594565413892269135e-02,2.768325433135032654e-02,1.374826487153768539e-02,1.012031733989715576e-02,-6.959914695471525192e-03,0.000000000000000000e+00,0.000000000000000000e+00,0.000000000000000000e+00,0.000000000000000000e+00
4.115504771471023560e-02,4.228328168392181396e-02,4.271561652421951294e-02,3.708933666348457336e-02,3.798061609268188477e-02,3.540505096316337585e-02,2.227782644331455231e-02,9.539578109979629517e-03,-6.350169889628887177e-03,-2.197654545307159424e-02,-3.249821439385414124e-02,-2.668727561831474304e-02,-3.541631251573562622e-02,-4.450033605098724365e-02,-4.496324062347412109e-02,-5.958009511232376099e-02,-5.334307625889778137e-02,-3.832580521702766418e-02,-1.260628551244735718e-02,-9.864910505712032318e-03,-6.036384962499141693e-03,5.864368722541257739e-05,8.377521298825740814e-03,2.149996161460876465e-02,3.068927302956581116e-02,3.554501011967658997e-02,4.297614470124244690e-02,4.299435392022132874e-02,0.000000000000000000e+00,0.000000000000000000e+00,0.000000000000000000e+00,0.000000000000000000e+00
-1.059919875115156174e-02,-8.702362887561321259e-03,-5.765232257544994354e-03,-1.089665386825799942e-02,-1.482259668409824371e-02,-4.875456169247627258e-02,-7.163137197494506836e-02,-9.165761619806289673e-02,-1.094961911439895630e-01,-7.545493543148040771e-02,-4.160485789179801941e-02,-1.421307772397994995e-02,-2.434956841170787811e-02,5.534706171602010727e-03,1.352576538920402527e-02,-6.432583183050155640e-02,-8.501179516315460205e-02,-7.195626199245452881e-02,-7.006867323070764542e-03,4.754194989800453186e-02,7.263188809156417847e-02,8.128360658884048462e-02,1.044370532035827637e-01,1.029544100165367126e-01,5.116277933120727539e-02,8.599864318966865540e-03,-2.771527506411075592e-03,-1.370262354612350464e-02,0.000000000000000000e+00,0.000000000000000000e+00,0.000000000000000000e+00,0.000000000000000000e+00
1.080060843378305435e-02,1.605734601616859436e-02,1.569989696145057678e-02,3.392998501658439636e-02,2.719979360699653625e-02,3.220638900529593229e-04,3.191194031387567520e-03,1.033839210867881775e-02,2.808603271842002869e-02,3.287101909518241882e-02,4.639362543821334839e-02,2.192356437444686890e-02,-2.672654762864112854e-02,-2.638133801519870758e-02,-2.778708003461360931e-02,-3.852341324090957642e-03,3.138625249266624451e-02,-4.642930813133716583e-03,3.036284819245338440e-02,3.404674679040908813e-02,2.169085480272769928e-02,-4.750395659357309341e-03,1.054379739798605442e-03,2.834030659869313240e-03,3.129545599222183228e-02,3.088020905852317810e-02,4.569933563470840454e-02,2.375961467623710632e-02,0.000000000000000000e+00,0.000000000000000000e+00,0.000000000000000000e+00,0.000000000000000000e+00
-1.505479402840137482e-02,-1.578141562640666962e-02,-1.720342226326465607e-02,-3.186072222888469696e-03,2.916737087070941925e-02,1.151608210057020187e-02,1.347728166729211807e-02,6.882504094392061234e-03,-1.960041001439094543e-02,1.722038350999355316e-02,-1.355771720409393311e-02,-3.382736444473266602e-02,-6.693197041749954224e-02,-6.553446501493453979e-02,-5.276932194828987122e-02,-6.227805092930793762e-02,-5.426388606429100037e-02,-3.667614981532096863e-02,-1.385517884045839310e-02,1.276433654129505157e-02,2.554930187761783600e-02,2.786592394113540649e-02,5.782591924071311951e-02,4.293501377105712891e-02,2.575725503265857697e-02,-3.919878043234348297e-03,-9.314921684563159943e-03,-1.311800535768270493e-02,0.000000000000000000e+00,0.000000000000000000e+00,0.000000000000000000e+00,0.000000000000000000e+00
-2.724928595125675201e-02,-2.644310891628265381e-02,-2.285695821046829224e-02,-1.230803504586219788e-02,9.482609108090400696e-03,2.010650932788848877e-02,2.939234115183353424e-02,3.610417246818542480e-02,1.750475727021694183e-02,7.623352576047182083e-03,1.092541613616049290e-03,-1.280152518302202225e-02,3.589337691664695740e-03,1.351298112422227859e-02,6.607605516910552979e-02,3.447868674993515015e-02,1.189310569316148758e-02,-5.729008466005325317e-03,2.144308760762214661e-03,-2.613217756152153015e-02,-5.967715010046958923e-02,-5.874554440379142761e-02,-9.846210479736328125e-02,-9.088949859142303467e-02,-3.733623027801513672e-02,-7.786292117089033127e-03,-6.078459322452545166e-03,-2.395926415920257568e-02,0.000000000000000000e+00,0.000000000000000000e+00,0.000000000000000000e+00,0.000000000000000000e+00
-4.694344848394393921e-02,-4.659684747457504272e-02,-4.608288407325744629e-02,-4.078458994626998901e-02,-1.457228977233171463e-02,-3.756446531042456627e-03,5.655696149915456772e-04,-9.937719441950321198e-03,-3.109207190573215485e-02,-3.183371573686599731e-02,-3.890766203403472900e-02,-1.348488312214612961e-02,5.102192610502243042e-02,8.421324193477630615e-02,1.100129857659339905e-01,1.118861511349678040e-01,7.457096129655838013e-02,4.609709233045578003e-02,3.550490364432334900e-02,3.800789266824722290e-02,4.377747327089309692e-02,3.490839526057243347e-02,2.169479243457317352e-02,3.798448713496327400e-03,-3.172591328620910645e-02,-4.514995217323303223e-02,-5.526830255985260010e-02,-4.949961602687835693e-02,0.000000000000000000e+00,0.000000000000000000e+00,0.000000000000000000e+00,0.000000000000000000e+00
-3.260726109147071838e-02,-2.771738544106483459e-02,-1.838152483105659485e-02,-1.034554932266473770e-02,6.312608253210783005e-03,-1.916117034852504730e-02,-1.760859787464141846e-02,8.304713293910026550e-03,1.657123118638992310e-02,1.876861043274402618e-02,6.014077924191951752e-03,-4.497017071116715670e-04,-1.382489106617867947e-03,5.981014575809240341e-03,-5.916397552937269211e-03,1.349244732409715652e-02,1.228605955839157104e-02,6.038866005837917328e-03,8.345428854227066040e-03,-1.975527405738830566e-02,-1.528646517544984818e-02,-1.773993298411369324e-02,-1.761066913604736328e-02,8.784357458353042603e-03,3.102442249655723572e-02,9.591209702193737030e-03,-1.901360228657722473e-02,-2.912903204560279846e-02,0.000000000000000000e+00,0.000000000000000000e+00,0.000000000000000000e+00,0.000000000000000000e+00
-2.818363904953002930e-02,-2.861476317048072815e-02,-3.283360600471496582e-02,-5.296111106872558594e-02,-3.915228322148323059e-02,-9.833171032369136810e-03,-9.122824296355247498e-03,-1.847924664616584778e-02,-8.699341677129268646e-03,-1.492798182880505919e-04,1.213406771421432495e-02,2.684997743926942348e-04,1.089327689260244370e-02,4.009098187088966370e-02,2.432355470955371857e-02,-7.279339246451854706e-03,-1.696875877678394318e-02,-2.523512765765190125e-02,-1.961596868932247162e-02,-1.605132035911083221e-02,-1.145657524466514587e-02,-4.792750813066959381e-03,-4.406688734889030457e-03,-1.659309118986129761e-02,-3.137856349349021912e-02,-3.795709833502769470e-02,-3.281965106725692749e-02,-2.962660603225231171e-02,0.000000000000000000e+00,0.000000000000000000e+00,0.000000000000000000e+00,0.000000000000000000e+00
-4.361677914857864380e-02,-4.332751035690307617e-02,-3.815753012895584106e-02,-2.832632139325141907e-02,-2.197834663093090057e-02,-1.275445800274610519e-02,-7.718827575445175171e-03,9.764968417584896088e-03,2.074177749454975128e-02,1.988918520510196686e-02,3.570105880498886108e-02,4.246952757239341736e-02,3.605033829808235168e-02,4.218990355730056763e-02,2.398017048835754395e-02,2.001198753714561462e-02,4.713380709290504456e-02,3.033336997032165527e-02,-6.346024107187986374e-03,-1.437084190547466278e-02,-3.185071796178817749e-02,-2.719036303460597992e-02,-3.240203112363815308e-02,-4.656404256820678711e-02,-5.081790685653686523e-02,-3.563547506928443909e-02,-4.405735060572624207e-02,-4.337513819336891174e-02,0.000000000000000000e+00,0.000000000000000000e+00,0.000000000000000000e+00,0.000000000000000000e+00
1.678835041821002960e-02,1.897732727229595184e-02,1.782589964568614960e-02,1.448133680969476700e-02,2.817139588296413422e-02,2.684498019516468048e-02,4.042232409119606018e-02,6.834209710359573364e-02,6.148930266499519348e-02,5.005859211087226868e-02,1.558826304972171783e-02,-1.648559980094432831e-02,-4.870185628533363342e-02,-1.011419668793678284e-01,-8.527199923992156982e-02,-2.348796278238296509e-02,-1.173143088817596436e-02,2.747521363198757172e-02,6.798922084271907806e-03,6.497756112366914749e-03,6.519645452499389648e-03,6.300371140241622925e-03,9.192333556711673737e-03,2.049509622156620026e-02,1.702971011400222778e-02,7.548542227596044540e-03,4.327038303017616272e-03,1.593466103076934814e-02,0.000000000000000000e+00,0.000000000000000000e+00,0.000000000000000000e+00,0.000000000000000000e+00
-2.029610052704811096e-02,-1.955352351069450378e-02,-1.822851225733757019e-02,-3.839569399133324623e-03,-1.183075178414583206e-02,-9.835420176386833191e-03,-1.151128020137548447e-02,-4.041102528572082520e-02,-4.502310603857040405e-02,-5.753305181860923767e-02,-6.882885843515396118e-02,-8.425213396549224854e-02,-6.234245374798774719e-02,-4.310097917914390564e-02,-5.240304023027420044e-02,-7.227245718240737915e-02,-9.427240490913391113e-02,-8.204953372478485107e-02,-7.975125312805175781e-02,-3.194749727845191956e-02,-3.421436995267868042e-02,-7.874309085309505463e-03,-4.052836913615465164e-03,-1.443782914429903030e-02,-2.561443485319614410e-02,-1.977084204554557800e-02,-2.522869780659675598e-02,-2.275692112743854523e-02,0.000000000000000000e+00,0.000000000000000000e+00,0.000000000000000000e+00,0.000000000000000000e+00
4.387282207608222961e-02,4.430254548788070679e-02,4.406487569212913513e-02,3.717540949583053589e-02,3.874874860048294067e-02,2.891860343515872955e-02,8.078260347247123718e-03,-1.409636228345334530e-03,-1.281699445098638535e-02,-2.894368581473827362e-02,-2.965441718697547913e-02,-1.394322235137224197e-02,-1.924793049693107605e-02,-2.704128436744213104e-02,-3.208170458674430847e-02,-4.460047557950019836e-02,-4.170791804790496826e-02,-4.401422664523124695e-02,-2.023471333086490631e-02,-1.392151042819023132e-02,-8.004811592400074005e-03,3.301515942439436913e-03,1.217462774366140366e-02,2.586799673736095428e-02,3.354870900511741638e-02,3.765956312417984009e-02,4.546322301030158997e-02,4.550491273403167725e-02,0.000000000000000000e+00,0.000000000000000000e+00,0.000000000000000000e+00,0.000000000000000000e+00
